content,estimate
以色列 媒体 称 美国 情报界 月 就 发现 新冠 肺炎 还 通报 两个 重要 盟友 以色列 近日 报道 称 美国 情报界 在 去年 月 第二周 就 发现 了 武汉 正在流行 这种 疾病 并且 起草 了 一份 机密文件 虽然 特朗普 政府 对 这项 消息 不感兴趣 但是 美国 还是 决定 把 情报 提供 给 两个 重要 盟友 以色列 和 北约 小央 视频,0
疫情 重创 中国 经济 制造业 会 大规模 转移 吗 突然 暴发 的 新冠 肺炎 疫情 除了 引发 资本 市场 波动 同时 也 引发 了 不少 人 对于 中国 制造业 未来 将 向 海外 大规模 转移 的 担忧 因为 枢纽 一书 而 备受 关注 的 外交学院 教授 施展 近期 推出 了 新著 溢出 在 这本 他 认为 生不逢时 的 书 中 施展 运用 他 在 枢纽 中 所,0
广州 一 星巴克 发现 疑似病例 附近 居民 可 免费 进行 核酸 检测 近日 广州 星巴克 好 世界 广场 店 一名 员工 诊断 为 新冠 肺炎 疑似病例 根据 当地 疾控中心 要求 对 在 天 之内 进入 星巴克 好 世界 店 的 人员 以及 大厦 所有 办公 人员 必须 在 月 日时 之前 到 指定 地点 免费 进行 核酸 检测 日 上午 前来 进行 检测 的 人 沿路 排 起,2
据 米兰 体育报 报道 欧洲 篮球联赛 正 考虑 用 集中 赛会 制打 完 赛季 剩余 比赛 三个 备选 地点 是 希腊 雅典 俄罗斯 莫斯科 立陶宛 的 维尔纽斯 和 考纳斯 月 日 欧洲 篮球联赛 因为 新冠 疫情 暂停,0
世卫 组织 肯定 中国 订正 新冠 病例 数据 世界卫生组织 卫生 紧急 项目 技术 负责人 范 凯尔 克霍弗 周五 表示 中国 向世卫 组织 上报 订正 的 病例 数据 非常 重要 事关 公共卫生 必须 掌握 确切 的 数字 和 情况 她 预计 许多 国家 在 回顾 新冠 病例 统计数据 时 都 会 遇到 同样 的 情况 并 表示 已 关注 到 有 报道 称 不少 国家 都 存在 医疗系统 之,1
疫情 防控 甘肃 在 行动 月 日 甘肃 无 新增 新冠 肺炎 确诊 病例 月 日 时 至 月 日时 境外 回国 来 甘 人员 无 新增 新冠 肺炎 确诊 病例 累计 追踪 到 密切接触 者 人 已 解除 医学观察 人 其余 人 正在 接受 医学观察 月 日 时 至 月 日时 甘肃 本地 无 新增 新冠 肺炎 确诊 疑似病例 和 无症状 感染者 现,1
每经整 点播 每经点 | 公安部 副 部长 孙力军 接受 审查 调查 西班牙 超过 万名 医护人员 感染 新冠 病毒 手工 活外 包为 幌子 警惕 新型 网络 招工 诈骗 孙力军 接受 中央纪委 国家 监委 调查 据 中央纪委 国家 监委 网站 日 消息 公安部 党委委员 副 部长 孙力军 涉嫌 严重 违纪 违法 目前 正 接受 中央纪委 国家 监委,2
特朗普 说 我们 死亡率 比 西欧 低多 了 截至 美 东 时间 月 日 : 美国 新冠 肺炎 确诊 人数 超万 累计 死亡 人数 超万人 特朗普 白宫 发布会 上 表示 美国 疫情 已经 越过 高峰 美国 采取 的 防疫 措施 出现 了 非常 好 的 效果 我们 的 死亡率 远 低于 西欧各国 央视 新闻 的 微博 视频,0
祸起 三月 停靠 法国 国防 参谋长 透露 戴高乐 航母 疫情 潜在 来源 据法 媒月 日 报道 法国 国防 参谋长 ç 透露 戴高乐 号 航空母舰 的 新 冠状病毒 疫情 可能 源于 月 中旬 的 一次 停靠 ç 所指 的 停靠 发生 于 月 日 至 日 当时 戴高乐 号 停靠 于 法国 西北部 城市 布雷斯特 停靠,0
俄罗斯 新增 例新冠 肺炎 确诊 病例 日据 俄罗斯电视台 刚刚 消息 过去 小时 里 俄 新增 新冠 肺炎 确诊 病例 例 累计 确诊 病例 超过 万例,2
许昌 电视台 痛批 方方 方方 日记 让 以 美国 为首 的 境外 资本 反华 势力 用 中国 人 自己 的 文字 攻击 中国 的 抗疫 一个 社会 不 应该 只有 一种 声音 方方 日记 里 充斥 着 的 是 大量 的 道听途说 和 对 政府 及 社会 的 责难 根据 会 德文 的 网友 翻译 方方 日记 德文版 中竟 有 新冠 病毒 源自 武汉 的 这样 的 说法 疫情 期间 中国 人民 举,2
张文宏 说 对 偶尔 出现 病例 不要 奇怪 该 读书 的 读书 该 工作 的 工作 张文宏 全世界 现在 处于 大 流行 对于 偶尔 出现 的 一例 两例 病例 不要 奇怪 我们 要 开始 进行 一个 常态 化 的 抗疫 偶尔 出来 一个 新冠 病例 迅速 地 治疗 掉 这个 才 是 合理 的 防控 新型 冠状病毒 肺炎 央视 新闻 央视 新闻 的 微博 视频,0
意 最大 华人社区 至今 感染 普拉 托市 是 意大利 华人 密度 最高 的 城市 一度 被 认为 面临 巨大 的 疫情 传播 风险 然而 根据 中国 总领馆 消息 该市 万名 华侨 华人 中 至今 无人 感染 新冠 肺炎 这个 例子 再次 佐证 虽然 没有 疫苗 没有 特效药 但 只要 能 做好 个人 防护 依然 可以 避免 感染,1
每天 喷 消毒液 致 肺泡 炎 可能 导致 过敏性 肺泡 郑州 两 女子 肺部 呈 毛玻璃 影 检查 发现 不是 新型 冠状 肺炎 而是 过敏性 肺泡 炎 原来 两位 女士 居家 期间 因为 害怕 新冠 肺炎 每天 定时 在 家里 喷洒 消毒液 而且 都 是 高浓度 的 慎用 消毒液 财经 新 媒体 的 微博 投票,2
武汉 新增 确诊 病例 为 零 武汉 卫健委 武汉市 新冠 肺炎 疫情 动态 年月日 年月日时 至时 全市 新增 确诊 病例 例 新增 出院 病例 例 新增 死亡 病例 例 新增 疑似病例 例 截至 年月日时 全市 累计 报告 确诊 病例 例 其中 大 疫情 网 按现 住址 统计 江岸区 例 江汉区,1
自然 杂志 文章 在 加利福尼亚 圣克拉拉 县 的 抗体 测试表明 新冠 病毒 的 实际 感染 人数 有 可能 是 现在 官方 数字 的 几十倍 当然 也 有 可能 是 测试 盒 有 问题 另一方面 其 死亡率 比 现在 的 统计数字 低得 多 也 就是 ～ 的 样子,0
湖北 男子 偷藏 只 野鸟 尸体 塞满 个 冰柜 月 日 湖北 襄阳 市 公安局 通报 前 几天 在 襄城 卧龙 镇 一户 居民 家 的 冰柜 里 竟 还 藏 着 多只 说 不 请来 路 的 野生 鸟类 市民 报警 说 襄城 卧龙 镇 黄河 村 村民 袁某 的 家 门前 经常出现 各种 鸟类 羽毛 怀疑 其 私下 在 用 网 粘鸟 民警 赶到 袁 某家后 发现 其 家中 的 两个 冰柜 塞,2
关注 新冠 肺炎 牡丹江市 日新 确诊 两例 病例 为 夫妻关系 丈夫 陪同 肝病 妻子 住院治疗 均 感染 日 牡丹江市 卫生 健康 委副 主任 吴叶 在 发布会 上 介绍 月 日 至 时 我市 市内 新增 确诊 病例 例 新增 无症状 感染者 例 追踪 到 密切接触 者 例 已 全部 接受 医学 隔离 观察 新增 病例 情况 月 日 牡丹江市 新,0
一名 留学 墨尔本 的 岁 新加坡 女子 遭到 种族歧视 在 周三 当街 遭到 两名 欧洲 女郎 的 袭击 脚踢 扯 发 拳打 疫情 期间 大家 更 应该 同心协力 一同 对 抗病毒 新加坡 疫情 新冠 肺炎 全球 疫情 新加坡,2
加州 民众 游行 要求 放开 防疫 限制 美国 加州 民众 举行 示威游行 要求 放开 防疫 限制 有 民众 身穿 防护服 头戴 护目镜 口罩 紧 捂举 着 新冠 病毒 是 谎言 的 标语牌 小央 视频 的 秒 拍 视频,2
韩国 免税店 行业 或 将 面临 崩溃 新闻 传递 出 的 信息 总 好像 全世界 的 零售业 离开 中国 游客 就 不行 了 似的 但是 香港 去年 闹 了 这么久 旅游业 几乎 停摆 今年 遇上 新冠 疫情 又 几乎 全面 闭关 可是 香港 人 好像 也 没有 吃不上 饭,2
临床 医生 总结 的 居家 消毒 指南 近日 张女士 和 王女士 居家 期间 因 害怕 新冠 肺炎 每天 定时 在 家里 喷洒 高浓度 消毒液 引起 了 过敏性 肺泡 炎两人 的 胸部 均 呈 毛玻璃 影 每天 喷 消毒液 致 肺泡 炎 如何 科学 使用 各种 消毒剂 居家 消毒 有 什么 注意事项 生命 君 邀请 权威专家 为 你 一一 解答 👇,2
新型 冠状病毒 感染 肺炎 台湾 军舰 新冠 肺炎 确诊 病例 增至 例全台 累计 人 确诊 台湾地区 流行 疫情 指挥 中心 日 公布 台湾 新增 例新冠 肺炎 确诊 病例 其中 例为 台 军舰 实习生 和 军人 另外 例为 境外 输入 病例 累计 确诊 人据 指挥 中心 介绍 新增 确诊 病例 中 的 军舰 实习生 和 军人 为 男女 年龄 在,2
丹麦 小学 幼儿园 复课 引近 万 家长 质疑 当地 时间 月 日 丹麦 小学 五年级 以下 的 学生 恢复 在校 课程 丹麦 成为 欧洲 首个 复课 的 国家 但 目前 的 复课 只 针对 岁 以下 的 学生 其余 学生 仍 需 在家 上网 课 不过 有 不少 家长 对 此举 表示 担心 担忧 的 家长 们 在 社交 网络媒体 成立 了 一个 名叫 我家 孩子 不会 成为 新冠 病毒 的 小,0
如新冠 与 人类 共存 两年 或 以上 我 刚好 提前 告诉 你 这件 事会 发生 了 你 没把握 投资 机会 会 不会 很 惋惜 呢 毕竟 人生 没有 多少 个 两年 网友 都 知道 牛股 总是 产生 在 受 事件 制约 而 产能 无法 短期内 迅速 扩大 的 产品 上 而 需求 又 只 增 不减 这家 企业 又 刚好 主营 这 款 产品 有时候 是 直接 成品 更 多 时候 在 基础 原料 产品,0
受新冠 疫情 影响 宣布 停赛 倘若 本赛季 不 停赛 今天 本该 是 季后赛 开始 的 日子 今天 扣篮 杂志 更新 了 推特向 网友 提问 你们 最 期待 看到 的 季后赛 对阵 是 哪 一组 对此 鹈鹕 球员 约什 - 哈特 回复 说 湖人 对阵 快船 这轮 系列赛 会 很 疯狂,0
台 舰队 再 增例 确诊 病例 岛内 累计 例 台湾 流行 疫情 指挥 中心 日 宣布 岛内 新增 例新冠 肺炎 确诊 病例 其中 例是 台 海军 敦睦 舰队 成员 另例 是 境外 输入 这 也 是 自月 日 以来 台 确诊 人数 再次 突破 例 目前 全 台 累计 确诊 例 央视,2
疫览 无遗 最新 全球 新冠 肺炎 感染 人数 近 万例 截至 北京 时间 月 日 时个 国家 和 地区 累计 确诊 例 钻石 公主 号 游轮 例 全球 累计 死亡 超 万例 转发 关注 新冠 肺炎 疫情 全球 走势 ↓ ↓ 人民日报,0
武汉 最初 例 病例 会诊 记录 首次 曝光 新冠 肺炎 防控 时隔 三个 多月 疫情 上报 第一 人张 继先 首次 打开 档案柜 展示 了 最初 名新冠 肺炎 病例 首次 会诊 记录 及 多 部门 专家 对 这些 不明 病例 的 初次 诊断 意见 重现 去 年月日 首次 拉响 警报 的 关键时刻 同时 张继先 公开 回应 相关 质疑 看 视频 ↓ ↓,0
全球 战疫 抗击 新冠 肺炎 疫情 纪录片 第一线 全民 抗战 疫情 你 不 知道 的 南京 事 的 微博 视频,0
再创新高 俄 单日 新增 病例 超 截至 当地 时间 号 点分 过去 小时 俄罗斯 新增 新冠 肺炎 确诊 病例 例 累计 确诊 病例 达例 累计 死亡 病例 为 例据 俄罗斯 传染病 专家 预测 未来 几周 内 俄罗斯 将 迎来 艰难 时刻 众志成城 战 疫情 个别 省份 本土 聚集 性 病例 持续 增加,2
特朗普 又 飘 了 甩 锅 奥巴马 后 当场 自夸 我们 现在 是 呼吸机 之王 特朗普 称 美国 是 呼吸机 之王 月 日 特朗普 表示 在 美国 抗击 新冠 肺炎 疫情 的 斗争 中 已 出现 一些 积极 迹象 他 还 说 自己 从 上届 政府 那里 继承 了 一个 破碎 的 糟糕 系统 但 现在 美国 已 拥有 不少 最 抢手 的 医疗 资源 呼吸机 在 这 一方面 目,2
军事 杂谈 月 日 为 伊朗 建军节 由于 受到 新冠 肺炎 疫情 影响 今年 传统 的 海陆空 三军 阅兵式 由 卫生 服务 阅兵式 代替 以 表达 伊朗 军队 同 医学界 共同 抗击 疫情 的 决心 国际 军事 风吟 听竹 的 微博 视频,1
官宣 国际 数学 教育 大会 延期 一年 后见 国际 数学 教育 委员会 和 大会 组委会 日前 宣布 受 全球 新冠 肺炎 疫情 影响 原定 于 年 月 举办 的 第届 国际 数学 教育 大会 - 延期 至 年月日 至 月 日 举办 举办地 为 上海 华东师范大学 中山北路 校区 国际 数学 教育 大会 是 在 国际 数学 教育 委员,0
居家 花式 健身 天台 秒 变 网球场 意大利 民众 隔墙 打网球 新冠 疫情 仍旧 在 困扰 着 全世界 居家 隔离 的 人们 也 想 出 了 各种 方法 来 进行 锻炼 在 意大利 利古里亚 大区 就 有人 在 天 台上 打起 了 网球 有 网友 表示 和 正常 的 比赛 相比 我 更 喜欢 看 这个 梨 视频 体育 的 秒 拍 视频,0
高 剂量 新冠 疫苗 志愿者 自述 我 不是 英雄 只是 力所能及 郭昕 是 湖北 鄂州 人 看到 招募 新冠 疫苗 志愿者 的 消息 之后 他 瞒 着 家人 果断 报了名 后来 家人 知道 后 也 表示 支持 郭昕 说 不 觉得 自己 是 英雄 只是 力所能及 他 从事 建筑业 希望 疫苗 早日 研发 成功 工人 们 能 回到 武汉 工作 一手,1
那些 一问 就 会 让 特朗普 炸毛 的 问题 记者 美股 暴跌 前 你家 抛售 股票 了 吗 特 恶心 记者 呼吸机 是不是 不够 特 这 问题 真 恶心 记者 羟 氯喹 能治新冠 吗 特 你 这 问题 问 了 几遍 了 记者 你 是不是 对 疫情 准备 不足 特 你 真 可耻 可耻 记者 你 要 对 担惊受怕 的 美国 人 说些 什么 吗 特 你 真是,2
美国 多个 亚马逊 仓库 目前 已 出现 了 新冠 肺炎 病例 一些 工人 因对 自身 安全 的 担忧 而 发起 了 罢工 行动 疫情 之下 的 美国 美国 疫情 微风 的 微博 视频,2
特朗普 世卫 组织 秒 新冠 时间 线 看 谁 在 说谎 月 日 美国 总统 特朗普 宣布 暂停 对 世界卫生组织 的 资助 并 指出 是 世卫 组织 隐瞒 疫情 信息 才 导致 病毒 在 世界 范围 流行 为此 有 媒体 整理 了 世界卫生组织 和 特朗普 的 新冠 病毒 时间 线 谁 在 甩 锅 一目了然 世卫 组织 和 特朗普 的 新冠 病毒 时间 线,0
美国 甩锅 中国 赵立 坚三连 问 回击 美国 疫情 新冠 肺炎 武汉 解封 武汉 加油 就是 黑兔 的 微博 视频,0
消毒 要 注意 俩 女子 错误 使用 消毒液 致 肺部 与 新冠 患者 一样 近日 河南 郑州 两 女子 均 因 头晕 乏力 到 医院 就诊 据 了解 她们 并 没有 发烧 咳嗽 呼吸困难 等 症状 但 胸部 却 显示 两人 的 双 肺 都 多发 毛玻璃 样而 这 正是 新冠 肺炎 患者 影像 的 典型 特征 经 询问 两人 因 害怕 新冠 病毒 每天 定时 在 家里 喷,2
异常 安静 疫情 下 的 哈尔 斯塔特 小镇 当地 居民 开始 想念 游客 世界 最美 小镇 哈尔 斯塔特 镇 是 奥地利 的 一个 村庄 风景 宜人 吸引 不少 游客 前往 包括 很多 中国 和 亚洲 游客 但 由于 新冠 肺炎 小镇 现在 一片 宁静 没有 了 旅客 曾经 因为 游客 过多 而 烦恼 的 当地人 现在 反而 有些 怀念 游客 时差 视频,0
中国 赴 俄罗斯 专家组 回国 在 俄 一周 培训 余人 月 日 哈尔滨 太平 国际 机场 中国政府 赴 俄 抗疫 医疗 专家组 圆满完成 任务 返回 据 哈尔滨 日报 截至 月 日 专家组 共 参访 医疗机构 个 召开 会议 次 举办 培训 场 培训 人数 余人次 开展 技术 指导 次 聚焦 新冠 肺炎 疫情 拍者,1
新冠 肺炎 防控 微 常识 图说 儿童 青少年 近视 如何 预防 新型 冠状病毒 科普知识 来源 健康 中国 新 媒体 可视化 工作室,0
国际 疫情 透视 月 日 国外 新增 新冠 确诊 病例 例 环比 上升 较前 三日 平均值 上升 从 各国 每日 累计 确诊 病例 增速 看 只有 中 韩 两国 疫情 控制 较 好意 西法 等国 增速 有所 下降 美德 增速 仍然 很 高 从 病死率 看中 韩 出现 下降 或 企稳 一些 欧洲 国家 高于 但 仍 在 上升 多个 新兴 经济体 病死率 数值 居,0
守望 家国 第六十 集 ｜ 防控 就是 责任 湖北 大学 战疫 刻不容缓 月 日 武汉市 新冠 肺炎 疫情 防控 指挥部 决定 征用 湖北 大学 二期 学生公寓 作为 新冠 肺炎 治愈 出院 者 的 集中 观察 隔离 点天 时间 上万件 物品 完成 搬运 发放 余名 康复 隔离 者 入住 近名 医护 安保 工作人员 到位 除了 帮助 康复 隔离 者 缓解 紧张 情绪,1
僵尸 版 安吉丽娜 · 朱莉传 在 狱中 感染 病毒 目前 靠 呼吸器 续命 伊朗 著名 网 红外 号 僵尸 版 安吉丽娜 朱莉 的 女子 传在 狱中 感染 新冠 病毒 目前 命悬 一线 仅 靠着 呼吸器 续命 代表 律师 发表声明 呼吁 伊朗 当局 由于 国内 新冠 肺炎 疫情 严峻 应该 释放 出狱 但是 据 美国 驻 伊朗 人权,2
意大利 男孩 山上 蹭 信号 上网 课据 共和国 报日 报道 意大利 岁 男孩 天天 跑 到 乡间 山上 蹭 信号 上网 课 由于 新冠 疫情 意大利 全国 封城 只能 在 家中 上网 课 但 他 家里 的 电话 线路 故障 没有 网络 和 信号 妈妈 每天 开车 带 他 去 山上 蹭 信号 他 表示 还 挺 开心 的 偶尔 山上 还会 跑 过 小鹿 时间,1
张文宏 称 中国 做 的 是 饱和 式 的 诊断 月 日 中国 和 新加坡 医疗 专家 就 新冠 疫情 开展 对话 上海市 新冠 肺炎 医疗 救治 专家组 组长 张文宏 表示 中国 做 的 是 饱和 式 的 诊断 只要 有 怀疑 我 就 诊断 这种 诊断 现在 世界 上 很多 国家 还 做 不到 澎湃 新闻 的 微博 视频 讲好 中国 故事 大赛 中国 抗疫 故事,0
我 在 北美 看 疫情 美国 疫情 危机 远 未 结束 纽约州 长称 居民 可 网上 领取 结婚 证据 美联社 纽约 消息 纽约州 州长 安德鲁 · 科莫 当地 时间 日 说 纽约州 新增 新冠 肺炎 死亡 病例 首次 少于 例为 两周 来 新低 住院 人数 也 在 继续 下降 但 危机 远 未 结束 医院 报告 当日 新冠 肺炎 新增 确诊 病例 接近 例 而且 新冠 病毒,0
确诊 多达 例台 军官 谎称 海军 出海 全程 戴 口罩 被 揭穿 后 鞠躬 道歉 日 台湾 敦睦 远航 训练 支队 新增 确诊 例新冠 肺炎 病例 台 海军 累计 确诊 多达 例据 了解 该 远航 训练 支队 曾 在 月 出海 前往 岛国 帕劳 台 海军 副司令 表示 当时 士兵 曾 全程 佩戴 口罩 然而 台媒 在 日 放出 当时 在 帕劳 的 视频 可以 看到 台 海军,2
巴西 亚马逊 州 首府 马瑙斯 的 卢斯奥 急诊 医院 一名 护士 拍摄 的 视频 从 医院 走廊 和 旁边 病房 的 病床 上 摆放着 多具 遗体 部分 遗体 已 放入 尸袋 部分 仅盖 上 毡子 同一 间 房内 还 躺 着 与 病魔 搏斗 插 着 喉管 的 新冠 患者 现场 触目惊心 海外 抗疫 日记 巴西,2
纽约州 长 弟弟 新冠 病毒 去年 月 就 在 美国 出现 纽约州 长 的 弟弟 主播 克里斯 · 科莫 此前 也 在 节目 中 提到 相信 病毒 在 去年 月 已经 在 美国 存在 那时 正是 美国 流感 高发 季 悄悄 围观 的 微博 视频,0
复星 医药 新冠 病毒 核酸 检测 试剂盒 获 美国 紧急 使用 授权 财 联社 月 日 讯 根据 美国 食品 药品监督管理局 网站 最新 信息 复星 医药 的 新型 冠状病毒 - 核酸 检测 试剂盒 荧光法 于 月 日 获得 签发 的 紧急 使用 授权 据悉 这 款 核酸 检测 试剂盒 由 复星 医药 控股 子公司 复星 长征 自主,0
据 了解 目前 已经 有 至少 名 前线 医护人员 因 感染 新冠 肺炎 去世 这位 名叫 玛格丽特 的 老奶奶 岁 了 响应 政府 号召 回到 前线 疫情 期间 仍然 定期 值夜班 不幸 感染 新冠 昨夜 去世 全球 疫情 英国 疫情 小 徐叨 不叨 我 在 很早 之前 就 做 过 一期 新闻 当时 英国政府 正在 号召 退休 医护 积极 加入 抗疫 队伍 医学,2
总统 煽动 民众 上街 一幕 荒诞剧 正 这个 国家 上演 截至 日 下午 时 全球 新冠 肺炎 确诊 患者 已达 万人 其中 美国 以 超过 万宗 确诊 病例 居 全球 之冠 疫情 远 未 过去 就 在 数百万 美国 人 继续 在家 就 地 避难 之际 德克萨斯 密歇根 明尼苏达 威斯康辛 等 多个 州 却 都 出现 了 反对 当地政府 实施 居家 令 的 抗议,2
周报 宽松 闯关 赌 一把 楼市 分化 股市 会 更 热闹 货币 汹涌 部分 会 渗透 地产 房地产 开始 分化 同时 宽松 资金 多 开户 多 失业 打算 靠 股市 生活 人数 增多 北上 资金 持续 流入 这些 都 是 先知先觉 资金 股市 要 热闹 宽松 必 炒 大 基建 看多大 基建 磁悬浮 和 新冠 检测 概念 周报 闯关 宽松 赌 一把 楼市 分化 股市 会 更 热闹 宽松 必 炒 基建,0
美国 疾控中心 组装 试剂盒 时 违规操作 致 交叉 污染 拖累 全美 检测 美国 新冠 疫情 初期 病毒检测 迟滞 很大 程度 因为 疾病 预防 与 控制中心 垄断 检测 其自研 的 试剂盒 却 因 缺陷 无法 使用 华盛顿邮报 日 透露 个 中 原因 疾控中心 实验室 组装 试剂盒 时 违规操作 导致 被 污染 月 下旬 全美 个 收到 试剂盒 的 实验室,2
广州 一 星巴克 发现 疑似病例 我 在 杭州 今天 跑 去 星巴克 买 咖啡 里面 坐 了 不少 人 大部分 人 没 戴 口罩 貌似 已经 恢复 了 疫情 前 的 状况 但 我 不敢 久留 还是 带走 喝 了 虽然 杭州 挺 安全 但 杜绝 新冠 的 最好 方法 就是 自己 保护 自己 不能 堂食 星巴克 就 不 叫 星巴克 了,0
我 真的 无语凝 噎 了 我 真的 要 点名 道 姓 地 骂人 伊利诺伊州 三万 感染 人数 了 你 天天 往外 跑 两天 一个 小 三天 一个 大 我们 居家 隔离 老老实实 隔离 了 四十几天 外卖 都 不敢 多点 几个 每天 在 家里 煮 面条 下 饺子 真能 啊 你 这种 人 你 又 不是 自己 住 你 是 有 室友 的 你 自己 想 早早 被 新冠 战胜 别 沾染 别人 行 吗 有 本事 你 就,2
据 最近 的 经济 研究 报告 指出 世界 各国 在 应对 新冠 疫情 期间 刺激 经济 所 产生 的 债务 对 一些 国家 来说 可能 意味着 一个 更 深层次 的 危机 以及 更大 范围 内 的 违约 风险 当前 世界 的 债务 累积 始于 年 已经 是 近 半个世纪 以来 全球 债务 增长幅度 最大 速度 最快 也 是 范围 最 广泛 的 一次 美国 研究,2
