content,estimate
沙特王室至少人确诊新冠心狠手辣的王储竟然趁此机会开始大清洗绑架公主逮捕王子报复美国富商为了顺利继承王位一场腥风血雨的宫斗又开始了
超话更新「의료진여러분덕분에대한민국은코로나위기를함께극복해나가고있습니다」의료진덕분에덕분에챌린지덕분에캠페인다음은동방신기유노윤호님존경의마음을전해주세요「感谢所有的医护人员与韩国一起共克新冠危机」感谢医护人
最高法不得以新冠肺炎为由解除劳动合同最高人民法院月日发布关于依法妥善审理涉新冠肺炎疫情民事案件若干问题的指导意见提出用人单位仅以劳动者是新冠肺炎确诊患者疑似新冠肺炎患者无症状感染者被依法隔离人员或者劳动者来自疫情相对严重的地区为由主张解除劳动关系的人民法院
广东疾控中心对这起餐馆吃饭聚集性感染调查比较细从武汉回来月日发病当天与人吃饭人被传染前后两桌则共有人被传染餐馆其他顾客工作人员都没被传染这说明新冠病毒是通过飞沫传播的不是通过气溶胶传播的被传染者与传染者距离最远达米说明空调的气流会扩大飞沫传播范围
听起来没那么致命科学家用唱出新冠病毒这是新型冠状病毒-的刺突蛋白模型也许难以想象这段音乐就是根据这种蛋白中的序列转换而成的古典音乐有复杂的重复模式和层次结构蛋白质中的氨基酸序列也是如此麻省理工学院材料科学家马库斯·布勒及其研究团队开发出了一种多层算法组合
意大利研究者在空气颗粒物上检出新冠这项研究表明新冠病毒可以存在于室外空气中的颗粒物上在大气稳定且高浓度的环境下新冠病毒可与户外的空气颗粒物成簇通过降低其扩散系数增强病毒在空气中的持久性该研究于近日发表在论文预印平台上意大利研究者在空气颗粒物上检出新冠
特朗普自夸很多人都爱我我将以绝对优势连任日特朗普在记者会上称自己的团队应当在民意调查上得分他还表示很多人都喜欢特朗普下届总统大选他会以压倒性优势获胜截至北京时间月日时分美国新冠肺炎确诊人数达例累计死亡例央视频号央视网视频
呼和浩特身边事内蒙古中考时间确定月日至日经内蒙古自治区新冠肺炎防控工作指挥部同意年全区中考延期举行中考报名时间为月日至日考试时间为月日至日具体时间由各盟市根据本地实际情况确定来源内蒙古教育发布呼和浩特
回应瑞士马特宏峰亮起五星红旗丽江玉龙雪山升起瑞士国旗瑞士驻华大使馆日凌晨瑞士采尔马特市旅游局用灯光将一面五星红旗投射到附近阿尔卑斯山脉的马特宏峰以此表示在新冠疫情期间同中国人民团结一心采尔马特市旅游局在其官网上说中国人民在疫情中遭受了巨大痛苦此刻正处于恢复
东京奥组委发现首例新冠病毒感染者东京奥组委日宣布奥组委一名男性员工被确诊感染新冠病毒奥组委在一份声明中说这名员工多岁是在日晚上检测呈阳性的他此前一直在奥组委位于东京晴海的总部上班声明说这名员工正在居家休息但没有透露他的病情和其他信息奥
安塞尔·埃尔格特发分享一张自己的裸照哄网友点链接做慈善筹到了万美元善款后被要求删图他在删除后做了说明也补充说图是自己父亲拍的老爸很生气儿子没给他署名这条微博配图按埃尔格特说的裁掉了原图下面一部分大约九寸吧截图来自推主埃尔格特发
外交部美国少数政客请不要再散布政治病毒了月日外交部发言人耿爽表示美国少数政客为了推卸自身抗疫不力的责任罔顾事实诋毁抹黑中方大搞政治操弄在本应团结抗疫的紧要关头干扰中美合作这种行径不得人心也无益于控制美国国内疫情大家在全力抗击新冠病毒的时候请不要再散布
发布了头条文章新冠肺炎治愈出院的中国夫妇向意大利表示感谢新冠肺炎治愈出院的中国夫妇向意大利表示感谢
全球抗疫第一线美国西班牙意大利累计确诊超万例一图了解新冠肺炎世界疫情形势
每日关注江苏明确新冠病毒核酸检测收费标准南京日报月日报道日前省医保局省卫健委发布了关于新增完善部分医疗服务项目价格的通知新增新型冠状病毒抗体检测和新型冠状病毒核酸检测等医疗服务项目并确定了收费标准
宝鸡宝鸡小伙绘出巨幅钟南山画像近日我市小伙罗飞创作的巨幅钟南山画像被很多市民转发点赞月日记者在市区神农大桥下的渭河公园看到罗飞正在给钟南山画像做最后修饰罗飞今年岁从事美术行业已有十几年了他告诉记者新冠肺炎疫情发生后广大医护人员不顾个人安危奋
越来越好了意大利呼吸机数量超过重症患者人数意大利新冠病毒应急委员会宣布日意大利现有重症监护病例例现有呼吸机台呼吸机数量超过重症患者人数完全能满足救治病人的需要但绝不能放松警惕央视网的微博视频
德国抗疫新冠病毒疫情之下无家可归者面临着更多危险和生活的窘迫为了帮助他们科布伦茨和美因茨两个城市开始为他们提供新的帮扶措施在科布伦茨新冠巴士已经上路为城市里各个角落的无家可归者送去热饭热菜和其他食品此外社工们也会格外关注此类人
美国个州将重启经济关注新冠肺炎回去上班吧接下来你们已经蜕变成一群与病魔打交道的人抗疫行动海外抗疫日记美国失业率或超经济大萧条时期
美检察长因疫情起诉中国中方回应毫无事实和法律依据财联社月日讯据中新社针对美国密苏里州总检察长近日就新冠肺炎疫情对中方提起诉讼中国外交部发言人耿爽在日外交部例行记者会上表示这种所谓的控告毫无事实和法律依据十分荒唐此类滥诉不利于美国国内的疫情防控也与当前国际
他对这一套太熟悉了这词用的贴切足见其智商情商双高世事熟稔人情练达没能还是应了鲁迅的话没能用最坏的恶意揣测同胞自西至西:尽管张文宏医生最初露面的时候就说当新冠大幕落下我自然会非常走开结果他走开还是不够及时
超话都韩势超话官咖更新韩势-这周有点冷了最近天气好像再次变得冷了我们都一直要小心感冒小心新冠😘真的好想你们特别视频大家都看了吗那时候天气实在是太好了拍了照片今天上传了那么下次我会再来的再见😛😷
年月号横店开机年月号横店杀青历时天的拍摄中间经历了新冠的艰难恭贺杀青㊗️票房大卖这是你人生中又一次重要的节点满怀欣喜的陪你一起见证期待大荧幕期待源博雅
白宫冠状病毒应对工作组各州长可自行决定重启经济防疫形势下重启经济已成为美国社会关注的焦点之一伯克斯说州长们可‘自行决定’重新开放各州美国有线电视新闻网日报道称白宫冠状病毒应对工作组协调员德博拉•伯克斯在白宫当天举行的新冠肺炎疫情发布会上表示虽然各
泗县卫健泗县卫健委紧绷新冠疫防弦近日黑龙江一名新冠肺炎确诊患者传染多人的病例引发关注黑龙江已启动相关调查和问责并采取措施堵住防控漏洞为此泗县卫健委要求全县各级各类医疗卫生机构对此事件引以为戒汲取教训并举一返三一要继续加强医院预检分诊建设守紧守好
瑞典死亡病例新增例瑞典王妃加入抗疫前线瑞典现在上下基本达成一致自己对自己负责保持社交距离前者是瑞典制度瑞典价值观所致后者与群体免疫的大方向并不矛盾他们要的是慢慢的扩散每个人排着队跟病毒亲密接触然后等待命运新冠病毒的判决看图瑞典不检测轻症所以累计确诊
敏感时期美军-轰炸机为何撤离关岛专家醉翁之意不在酒对美国来说这次新冠肺炎疫情给美军造成了极大的困扰特别是在太平洋我们看到美国四艘航母先后在太平洋上趴窝使得美国一时间无航母可供使用美军感染人数不断增加大大降低了美军对全球的威慑力但在太平洋美军没有一艘
吉林省援鄂医疗队凯旋齐了吉林援湖北白衣战将全数归队月日吉林大学第一医院第二批援湖北医疗队名队员以及由第五批第六批合并开展新冠肺炎救治工作的援湖北重症救治医疗队的名队员在长白山结束休整全数返长至此吉林省援湖北医疗队全数归队掌上长春详情
因一名工作人员亲属感染印度总统府约人居家隔离月日路透社称印度总统府约人居家隔离因一名清洁工家属新冠病毒检测结果呈阳性总统府拉响了警报据悉清洁工的名家属被送至一处隔离点住在总统府员工区套公寓里的其他工作人员和家属不得出门世面的秒拍视频
美国养老院成新冠疫情重灾区美疾控中心称冬天疫情或将更严重目前美国共有约万老人常住在养老院自新冠疫情在美国爆发以来养老院一直是人们关注的焦点由于检测量不足医疗设备缺乏这个聚集着高风险人群的场所成为了新冠肺炎疫情的重灾区近期发布的一项报告显示养老院病例数
美国德州一名每天要照顾新冠肺炎确诊病人的医生因担心回家后会把病毒传染给家人想出爬到家中后园本来建给孩子玩耍的树屋上作临时居所实行自我隔离天下之事深圳小天超话
报告社区网格化管理是遏制疫情扩散的关键因素月日发布的抗击新冠肺炎疫情的中国实践报告中提到疫情期间全民参与形成社会合力其中社区建设体现重要作用社区网络作为一种兜底的社会管理机制全国万名城乡社区工作人员在志愿者配合下对万个城乡社区深入走访宣讲防
东京奥组委有职员确诊新冠正在家中疗养年东京奥运会和残奥会组织委员会日发布消息称一名在东京都中央区晴海的奥组委办公室工作的三十多岁男性职员感染了新型冠状病毒这是奥组委内首次出现确诊感染者日傍晚获悉检测结果呈阳性该职员目前在家中疗养东京奥组委首次有职员确诊感染新冠正在家中疗养
外交部回应加拿大防疫物资飞机空机返回相关报道不准确据外媒报道加拿大总理特鲁多日表示加拿大两架运送医疗物资飞机空机返回引发外界关注中国外交部发言人耿爽在日的例行记者会上回应此事时表示外媒相关报道不准确耿爽表示新冠肺炎疫情发生以来中加双方相互支持相互
从美国开始免费检测新冠以后尽管当时检测试剂盒不够可是势如破竹的增速还是让大家都吓了一跳很多网友都以赌辣条的形式关注着美国的疫情什么时候破五万破十万破二十万现在试剂盒够了按理说应该能检测更多的人做到早发现早治疗但是最近的新确诊病例却变成了匀速增长每天增长数据
美国疾控中心警告入冬后第二波疫情或更严重美国疾控中心主任罗伯特·雷德菲尔德月日表示美国入冬可能迎来第二波更严重的疫情流感季与新冠疫情重叠可能给医疗系统造成无法想象的压力各级政府应做好充分准备包括提高检测和监测能力他也提到全国范围内的居家命令大范围的商业活
荷兰足球甲级联赛计划取消本赛季荷兰足协日官方表示因新冠疫情影响计划取消-赛季荷兰足球甲级联赛剩余的赛事在做出最终决定前将与欧足联进行磋商荷兰足协发布该声明的主要原因是荷兰政府宣布将对大型公众集会活动的禁令从月日延长至月日以防止新一波疫情扩散
巴萨超话欧洲最大的足球场诺坎普将在下赛季第一次被冠名诺坎普翻译过来就是新球场的意思如今他将为抗击新冠病毒做出自己的贡献巴萨昨晚宣布将下赛季冠名巴萨主场诺坎普费用给予巴萨基金会筹集资金用于加泰地区以及世界各地开展研究以应对新冠疫情巴萨发言人表示诺坎普冠名对
台头闻染疫台军舰队人出现抗体感染源还没查到次波感染又来袭台海军磐石舰目前累计已有人确诊而日前在对舰上官兵检测时有人体内验出抗体感染源成了最大谜团台湾指挥中心认定船舰上已开始次波感染为此在号宣布对磐石舰全员进行采血抽检中国台湾网
好奇宝宝好奇姐姐的面罩材质有兴趣的话可以看姐姐出演的全知姐算是南韩比较注重新冠防疫的人了那一集真的很好笑
日本长崎港一外籍邮轮人确诊船上无载客月日据报道停靠在日本长崎港的外籍邮轮歌诗达大西洋号上又有名船员确诊感染新冠病毒共人确诊他们将在邮轮上接受隔离治疗意大利籍邮轮歌诗达大西洋号于月下旬起停靠在长崎港进行修缮船上没有搭载乘客包括一名日本翻译
健康发布出院复阳的新冠肺炎患者是否需要继续接受治疗一般情况下复阳的患者都没有明显的临床表现目前看大部分复阳的患者都没有症状只是核酸检测出现了阳性也有极个别的会出现一些症状但是病情恶化的病例是非常少的所以对于复阳来讲我们首先要进行相应的隔离因为复阳仍然可能
严防疫情反弹高校陆续开学这些防控准备要做好返校途中如何正确防护开学后上课用餐又该注意啥周末还能出校改善伙食吗国家卫健委教育部日前联合印发大专院校新冠肺炎疫情防控技术方案马上开学的你快收下这份防控宝典↓图片来源健康中国记者温竞华
梳起长发穿上医护装瑞典王妃加入抗疫前线月日外媒报道称瑞典索菲亚王妃加入抗击新冠病毒一线工作她暂时放下皇室工作在一家医院做医疗助理主要负责消毒设备清洁和在厨房帮忙在加入瑞典皇室前她曾从事模特工作年她与菲利普王子成婚婚后二人育有两个孩子
全球抗疫第一线美国西班牙意大利累计确诊超万例一图了解新冠肺炎世界疫情形势
四川四川省教育厅年不取消中考体考四川年不取消中考体考日四川省教育厅发布关于切实做好年我省中考体育考试工作的通知正式明确了根据党中央国务院和省委省政府关于新冠肺炎疫情防控工作有关精神和教育部相关要求结合我省疫情防控形势经研究决定年我省继
蔷薇花信新冠肺炎疫情正在席卷整个地球人类付出了惨痛的代价我们都应当对破坏自然环境的行为进行反思保护环境人与自然才能和谐共生一起来读扬州市长江大保护小使者牛浩然写给大自然的一封信江苏生态环境的微博视频
追记南宁铁路公安局柳州公安处来宾北站派出所教导员杨智致敬公安英雄新冠肺炎疫情袭来南宁铁路公安局柳州公安处来宾北站派出所教导员杨智组织民警成立党员先锋队喊出党员先上跟我来的口号并带头写下请战书冲上第一线这一战就是天月日凌晨刚刚通过电话处理完警情的杨
外交部回应加拿大防疫物资飞机空机返回相关报道不准确据外媒报道加拿大总理特鲁多日表示加拿大两架运送医疗物资飞机空机返回引发外界关注中国外交部发言人耿爽在日的例行记者会上回应此事时表示外媒相关报道不准确耿爽表示新冠肺炎疫情发生以来中加双方相互支持相互
钟南山说我们挺过来了转钟南山迎接广东援鄂医护返院钟南山在武汉确实非常艰苦但我们挺过来了全国医护人员站在第一线重症医护人员站在第一线的第一线我们挺过来了我们扭转了情况病死率有了很大的改善转起致敬央视新闻央视新闻的微博视频
联合国通过疫苗决议案强调领导角色联合国大会通过决议要求让各国公平取得未来冠状病毒疾病的疫苗但不具名的外交官透露美国事后试图反对该决议提案但是已经来不及了当然也就没有成功个会员国的联合国大会昨天日一致通过墨西哥发起的决议案要求未来任何对抗冠状
数字人民币要来啦央行回应年突如其来的一场新冠肺炎疫情给传统产业带来冲击的同时也为数字经济新业态的发展创造了有利条件引发了人们对数字货币的普遍关注日前一张央行数字货币在农行账户内测的照片在网络上流传开不少人开始欢呼数字货币来啦对此中国人民银行数
特朗普要哈佛归还抗疫援助金哈佛回应不还美国总统特朗普日严词要求哈佛大学归还先前接收的数百万美元抗击新冠病毒疫情援助金理由是这所名校享受充足的捐赠没有资格接受政府援助他当天在白宫疫情通报记者会上说哈佛你把那笔钱还回来如果不还我们将采取其他措施
画里有话近期在媒体和社交平台上流传着一些阴谋论对此世界卫生组织发言人日表示所有已知证据都表明新冠病毒不是经实验室人工干预或制造而来病毒溯源是一个严肃的科学问题需要听取和尊重科学专业的意见因为曾将新冠病毒与武汉关联自然杂志连续三天道歉但部分美西方
台防务部门官员为敦睦舰队染疫事件鞠躬致歉现场上演尴尬一幕台海军敦睦舰队暴发群聚感染目前已有人确诊感染新冠肺炎台防务部门负责人严德发及其他名官员在日晚间召开的临时记者会上鞠躬致歉结果却出现尴尬一幕人面向媒体镜头站成一排严德发下令我们一鞠躬表达我们
外交部提醒海外中国公民避免跨境流动新冠肺炎疫情在全球持续蔓延外交部郑重提醒中国公民要充分评估当前国际旅行所带来的交叉感染滞留国外等严重风险在国内的中国公民暂勿出国旅行在国外的避免跨境流动海外中国公民如遇紧急情况可联系中国驻当地使领馆寻求领事保护与协助
今天又有華人被歧視及攻擊的新聞在袋鼠國的墨爾本一對年青華人夫婦家中的大閘被噴漆塗鴉新冠肺炎中國去死更被石頭砸進屋內接受訪問時丈夫說晚上睡不到覺時刻要警惕保護幼子其實洋人歧視中國人就是他們與生俱來的天性他們價值觀是弱肉強食及排外什麼命運共同體好幼稚囉反正
美国抗疫时间都去哪儿了据美国约翰斯·霍普金斯大学数据截至美东时间月日下午时美国已至少有新冠病毒感染病例例包括死亡病例例美国抗疫时间都去哪儿了↓↓人民日报人民日报的微博视频
顺德身边事全国儿童预防接种日直播预告|抢不到消费券这里还有一波约定您近期全国各地消费券满天飞而我没抢到这些全靠人品与运气的消费券还要自己贴钱配得上学贯中西博古通今的你吗要抢就直接抢的红包福利天上掉钱那种一场席卷全球的新冠肺
小布说新闻江西一地发现新冠肺炎病例官方声明来了辟谣声明近日网传在万达发现新冠病毒病例的视频该视频所述内容实属谣言年月日上饶万达广场商业管理有限公司工程部聘请四名武汉技术人员对广场商业设备进行维修四名技术人员来饶之前月日均在武汉光谷
九江身边事扩散这趟列车经停九江发现无症状感染者急寻同车厢乘客感染者陶某男岁武汉市新洲区徐古镇人月日在武汉市新洲区徐古镇卫生院进行新冠肺炎核酸检测未待出结果于年月日时分在麻城火车南站乘坐次列车号车厢中铺到天津月日时分抵
加拿大一养老院三周内死亡名老人多人疑被活活饿死加拿大一养老院老人疑被饿死据蒙特利尔公报报道加拿大魁北克省的一家养老院约在三周内有位老人相继离世据尸检结果显示只有人是死于新冠病毒而其他人或死于饥饿当时只剩下名护工负责名老人因担忧感染新冠肺炎
年全国知识产权宣传周重拳出击公安机关查扣假劣口罩余万只记者从公安部获悉新冠肺炎疫情发生以来截至月日公安机关已侦办制售假劣口罩医用酒精等防护物资案件起抓获犯罪嫌疑人名捣毁窝点个查扣假劣口罩余万只及一批医用酒精消毒液等物资案值近
台海军两名指挥官因疫情接受调查台海军敦睦舰队人确诊感染新冠台防务部门被指隐瞒疫情台当局防务部门负责人严德发日晚公布军舰群聚感染事件首波惩处名单海军舰队指挥官高嘉滨敦睦舰队支队长陈道辉将被调离现职接受调查严德发称他已自请处分包括请辞
福建已有万名学生复课其他年级何时开学开学季刚刚福建省新冠肺炎疫情联防联控工作第二十场新闻发布会举行福建省教育厅介绍说迄今为止全省校园持续保持安全稳定无疫情纪录据会上了解到省教育厅还未公布其它年级开学时间从目前看五一小长假前应该是不会开学了月
当地时间月号以深度调查而著名的华盛顿邮报长文揭秘了一个重磅消息美国疾病控制与预防中心因为实验室污染导致全美新冠检测延迟周左右不过邮报比较客观一点给了辩护的机会官员解释不是实验室污染而是包装污染导致延迟当然这种报道没啥特
世卫组织辟谣新冠病毒起源自实验室这什么操作解对于他们来说这是最佳选择不用再去追根溯源也就不会得罪一些强势的国家比如美帝如果全世界都认同这个说法后继相对来说矛盾会少很多但历史从来不会掩盖真相
聊点科技美国科学日报新冠病毒是自然产物月日美国斯克里普斯研究所发布研究证明对来自--和相关病毒的公共基因组序列数据进行的分析发现没有证据表明该病毒是在实验室中制造或以其他方式设计的根据发表的研究结果去年在中国武汉市出现的新型--冠状病毒是自然
密苏里州借疫情告中国学者根本不成立多名美国国会共和党籍议员此前宣称就美国新冠疫情暴发要将中国告上法庭寻求索赔耿爽月日三连问回击上述强盗逻辑芝加哥大学国际法教授汤姆·金斯伯格则表示基于国际法中的主权豁免原则外国政府不能在他国法庭受审这意
美国岁老人坐机械臂看隔离妻子月日一段岁老人乘坐机械臂的视频在网络走红老人尼克岁的妻子正在养老院里隔离两人结婚已经年因为疫情数周没见面尼克为了探望妻子不惜动用机械臂把自己升高到楼窗口只为了和妻子见上一面聚焦新冠肺炎疫情世面新京报我们视频
解药|争议不止诺华开展羟氯喹抗新冠疗效验证随机双盲对照试验纳入名患者多项研究认为药物使用为时尚早对疗效和副作用都提出警示截至目前全球已有超过项相关试验评估氯喹和羟氯喹的新冠疗效但还未有严谨科学的结论证明两类药物对新冠患者具备安全性和疗效
殡仪馆爆满美国女子哭诉无人接收丈夫遗体据纽约邮报报道纽约一名男子疑感染新冠肺炎去世妻子想要将他的遗体送到殡仪馆冷藏时却被告知有可能要等多达天只好找来冰块冰冻丈夫遗体她哭诉道纽约市长你怎么可以这样你怎么能让我们不得不面对这些封面新闻的微博视频
年轻时保家卫国如今你病了我是你的记忆捕手拥抱碰头称小猪这样的言情剧在年过的老巢和老伴儿之间几乎天天上演四年前老伴儿爱荣患上阿尔茨海默病老巢拼尽全力为她捕捉被偷走的记忆年初新冠疫情老伴儿入住的养护院进不去两个多月没见爱荣的老巢边念信边擦眼泪
航司难了维珍澳大利亚开始自愿托管维珍澳航濒临破产月日维珍澳大利亚航空公司宣布进入自愿托管状态以进行业务重组寻找新买家此前其曾向澳大利亚政府求助希望得到亿澳元救助但遭到拒绝维珍澳大利亚是当地第二大航空公司旗下拥有架飞机及万余名员工受全球新冠肺炎疫情影
「你是不是警察」女子扬言有肺炎朝乘务员吐口水河北唐山月日一名女乘客在航班降落后情绪突然失控不仅谎称自己得了新冠肺炎而且向机组人员吐口水拳打脚踢面对到场民警的质询她竟连问遍「你是不是警察」警方指出该位女子已被依法行政拘留案件正在进一步审理中
美国新冠病毒失控说明了什么截止月日时全球累计确诊新冠病毒万余例仅美国一国突破万例接近三分之一全球累计死亡万余人而美国死亡病例万余人占到四分之一面对可怕的与日俱增的数字人们不仅要问美国作为世界超级大国无论经济军事均呈压倒性优势为啥连小小的
今天又有華人被歧視及攻擊的新聞在袋鼠國的墨爾本一對年青華人夫婦家中的大閘被噴漆塗鴉新冠肺炎中國去死更被石頭砸進屋內接受訪問時丈夫說晚上睡不到覺時刻要警惕保護幼子其實洋人歧視中國人就是他們與生俱來的天性他們價值觀是弱肉強食及排外什麼命運共同體好幼稚囉反正
直播湖北通报疫情防控最新进展今天湖北省政府新闻办公室召开新冠肺炎疫情防控工作新闻发布会介绍工会组织助力统筹推进疫情防控和复工复产情况并回答记者提问关注直播央视新闻的微博视频
巴西马瑙斯市挖掘大型坟墓埋葬尸体巴西新冠肺炎疫情蔓延亚马孙州一城挖掘大型坟墓埋葬尸体据美国有线电视新闻网月日报道巴西亚马孙州首府马瑙斯市内工作人员正在挖掘大型坟墓以便之后将一些棺材埋入其中报道称马瑙斯市市长阿瑟·维尔吉利奥·内托的办公室称受
专家呼吁中美两国加强合作共抗疫情彭博创新经济对话日展开题为美中脱钩风险的视频研讨会多名与会者认为新冠疫情之下双边关系恶化不利于两国也不利于全球中美应该在疫苗研发帮助发展中国家抗疫等方面加强合作共同抗击疫情澳大利亚前总理美国亚洲协会政策研究院院长陆
台军舰染疫案首波惩处名单出炉台媒荒腔走板弃军保帅台海军敦睦舰队爆发新冠肺炎群聚感染至今已有人确诊台军方对于相关情况却一再隐匿引发公愤据台湾中国时报报道在舆论压力下民进党当局防务主管部门负责人严德发日晚就官兵染疫造成社会不安致歉他声称已向蔡英文自
梳起长发穿上医护装瑞典王妃加入抗疫前线月日外媒报道称瑞典索菲亚王妃加入抗击新冠病毒一线工作她暂时放下皇室工作在一家医院做医疗助理主要负责消毒设备清洁和在厨房帮忙在加入瑞典皇室前她曾从事模特工作年她与菲利普王子成婚婚后二人育有两个孩子
韩国民众请愿驱逐全能神邪教虚假难民韩国宗教与真理网站报道全能神邪教组织虚假难民滞留者在韩国多地聚居生活存在新冠病毒肺炎疑似患者可能但由于全能神抵制防疫因此无法对其展开调查和防疫消毒其窝点只要有一人发病可能会面临全面感染的风险附近居民对此十分担忧
伊朗驻华大使我们对美国没啥要求能让我们自己管自己就好新冠疫情席卷全球美国在伊朗陷入抗疫艰困时加大了对伊朗的制裁和压迫其中包括阻止向伊朗提供抗疫贷款伊朗驻华大使穆罕默德•克沙瓦尔兹扎德在凤凰网外交官访谈录栏目中表示各国都有权使用基金应对疫情筹备人道物
豫论场丨快递进社区别老慢半拍□夏远望月上旬中央应对新冠肺炎疫情工作领导小组印发关于在有效防控疫情的同时积极有序推进复工复产的指导意见近日我省发布关于做好新冠肺炎疫情常态化防控工作的指导意见两份文件均明确提出完善物流快递业相关防控措施允许快递人员
世界读书日读书挑战赛旅行是我很喜欢做的事情旅行的时候有好书也是必须的有的时候我们不用出远门就地发现一下自己城市的美也是一种旅行那本关于气质的书嘛估计看着玩还是可以的万一你抽到卡夫卡那本不是看着玩的我其实很希望北京网友抽到北京的书这三本我都入手了家乡的美什
沙特王室至少人确诊新冠心狠手辣的王储竟然趁此机会开始大清洗绑架公主逮捕王子报复美国富商为了顺利继承王位一场腥风血雨的宫斗又开始了
密苏里州借疫情告中国学者根本不成立多名美国国会共和党籍议员此前宣称就美国新冠疫情暴发要将中国告上法庭寻求索赔耿爽月日三连问回击上述强盗逻辑芝加哥大学国际法教授汤姆·金斯伯格则表示基于国际法中的主权豁免原则外国政府不能在他国法庭受审这意
努尔苏丹市新建传染病专科医院完成全部施工任务已交付使用据新冠疫情应对工作应急指挥部消息该模块化的传染病专科医院由哈萨克斯坦建筑工程公司负责施工建造占地接近万平方米的医院主体工程采用快速组装建筑材料从开始建设至交付使用总计仅用了天的时间医院总计个床位将专门
深圳累计名师生感染新冠重点岗位教职工一律要测核酸深小卫深圳卫健委月日上午时深圳市政府新闻办就做好学校疫情防控召开专场新闻发布会深圳师生共有人感染新冠病毒深圳市卫健委副主任吴兵介绍截至月日深圳累计报告新冠肺炎病例例另有例无症状感染者尚在
牛津大学新冠疫苗项目将进行人体试验英国卫生大臣汉考克在周二的疫情发布会上宣布牛津大学的新冠病毒疫苗项目将从本周四开始进行人体试验据英国卫生部周二新冠疫情数据该国累计确诊病例已超过万例死亡病例超万例视频记者韩宝仪中报视频中报视频的秒拍视频
世卫组织辟谣新冠病毒起源自实验室已有证据表明病毒源自动物世卫组织发言人法德拉·沙伊卜日表示世界卫生组织目前正与两种大流行斗争分别是新冠疫情大流行和虚假信息大流行世卫称抗疫同时也在抗击虚假消息大流行针对近期在媒体和社交平台上流传的一些有关新冠病毒起源的谬
广东岁小伙林栋在新冠疫情期间飞往土耳其倒卖熔喷布回国击败众多国际对手后拿到每月吨的供应每月净利万左右有人说他是枭雄有人说他发国难财他说你们不该骂我而该感谢我你们怎么看
秒看特朗普次出尔反尔我没说过美国媒体总结疫情期间特朗普多次出尔反尔推翻自己的言论最短仅有一天他曾说新冠肺炎像流感说病毒月会消失说不需要-万台呼吸机在被记者质问时他通常的回答是我没说过时差视频的微博视频
秒看特朗普次出尔反尔我没说过美国媒体总结疫情期间特朗普多次出尔反尔推翻自己的言论最短仅有一天他曾说新冠肺炎像流感说病毒月会消失说不需要-万台呼吸机在被记者质问时他通常的回答是我没说过时差视频的微博视频
在昨天的二十国集团农业部长特别会议上联合国粮农组织国际农业发展基金世界银行和联合国世界粮食计划署发表联合声明强调新冠疫情当前各方需果断采取集体行动确保疫情不对粮食安全和营养构成威胁并增强今后对冲击的抵御能力详情冠状病毒病疫情对粮食安全和营养所致影响的联合声明
微预警陕西省学校突发公共卫生事件年第号预警随着新冠肺炎疫情防控形势的逐渐好转学校相继复课手足口病等传染性事件已进入多发时段为进一步加强全省学校疾病防控工作减少学校突发公共卫生事件根据健康陕西突发公共卫生事件风险评估通报当前全省各级各类学校应特别关注新冠
特朗普要哈佛归还抗疫援助金哈佛回应不还美国总统特朗普日严词要求哈佛大学归还先前接收的数百万美元抗击新冠病毒疫情援助金理由是这所名校享受充足的捐赠没有资格接受政府援助他当天在白宫疫情通报记者会上说哈佛你把那笔钱还回来如果不还我们将采取其他措施
世卫组织辟谣新冠病毒起源自实验室颜小江说法互联网不是法外之地恶意编造传播谣言会触犯哪些法律红线检察官小姐姐提示互联网不是法外之地不造谣不信谣不传谣沿江检察的微博视频
墨西哥总统回应贩毒集团给穷人送物资没用你们不如不犯罪新冠疫情暴发后不少民众生活陷入困顿贩毒团队开始向民众分发食物等物资墨西哥总统表示我看到他们在分发食物不过这个毫无帮助我们正在全力对抗新冠肺炎但是不幸的是我们还要分出精力来对付谋杀案新京报我们视频
疫情期间啥幺蛾子事都有有个发源于国外的谣言就非常搞笑说新冠病毒的传播是由基站造成的我们中国人听了肯定觉得好笑但国外确实很多人相信甚至在月初的时候英国一周内好多基站都被烧了由于纵火者搞不清基站的规格烧的大部分都是基站为什么会有这样的谣言呢这是因为有人做
台湾地区月份失业率为民进党当局主计总处今天日公布岛内月失业率为经调整季节变动因素后的失业率则为失业率连续个月走扬新冠肺炎疫情对就业市场冲击程度值得后续关注台湾地区月份失业率为
越来越好了意大利呼吸机数量超过重症患者人数意大利新冠病毒应急委员会宣布日意大利现有重症监护病例例现有呼吸机台呼吸机数量超过重症患者人数完全能满足救治病人的需要但绝不能放松警惕央视网的微博视频
黑龙江新增例本土无症状感染者轨迹葛某女岁自由职业常住址黑龙江省哈尔滨市方正县方正林业局星火林场组系确诊病例二葛某的女儿月日诊断为新冠肺炎无症状感染者月日时陪同父亲从方正林业局乘私家车出发时到哈医大一院就诊时在喜家德水饺医大二院店用
全球抗疫第一线美国西班牙意大利累计确诊超万例一图了解新冠肺炎世界疫情形势点击链接→网页链接关注全球疫情来源央视新闻
驻津巴布韦大使夫人王薇参赞出席中国企业向津巴布韦希望天使基金捐赠抗疫物资交接仪式月日中国驻津巴布韦大使夫人王薇参赞出席中国企业向津巴布韦希望天使基金捐赠抗击新冠肺炎疫情物资交接仪式津第一夫人奥克西利娅·姆南加古瓦四川普得时代科技有限公司华为公司及津国家电视台
深圳首次公布师生感染者数据教师感染者人学生人据南方网消息月日上午深圳市政府召开深圳疫情防控工作新闻发布会首次公布了深圳此前报告的新冠肺炎病例中师生占比数据下周深圳初三高三师生将正式返校深圳要求对学校校医食堂从业人员宿管人员等重点岗位以及与学生密
桃花源记现实版意大利夫妇驾船环游世界靠岸时才发现疫情改变世界据月日报道意大利一对夫妇近日在海上航行天后想靠岸登陆时被告知岛屿关闭才发现世界正在因新冠疫情而改变报道称年和决定辞掉工作买一艘船去环游世界在海上航行天后
贾樟柯疫情短片导演贾樟柯以新冠肺炎疫情为背景创作的短片来访在今天下午上线了这是希腊塞萨洛尼基电影节策划的以空间为主题以疫情为背景聚焦隔离生活的短片拍摄计划
黑龙江公布例省内新增确诊病例行程轨迹关注新冠肺炎年月日-时黑龙江省省内新增确诊病例例哈尔滨例本土无症状感染者转为确诊病例例其中有例是确诊病例陈某君男岁在哈医大一院住院期间同楼层同病区的住院患者有例为同期间住院患者陪护这例确诊病例都是
全球抗疫第一线美国西班牙意大利累计确诊超万例一图了解新冠肺炎世界疫情形势直击疫情防控第一线央视新闻
世卫组织辟谣新冠病毒起源自实验室颜小江说法反谣言检察版一键转发无忧吃瓜争喋不休事实认定已成舟悔悟泪直流千万网友们深陷恐慌漩涡遇到不实信息务必核实警惕切莫瞬间就转走信息垃圾网络世界虚拟并非法外之地词回车诺比的梦说唱爱黛
瑞典死亡病例新增例公共卫生局首都人口将被感染月日瑞典死亡病例新增例瑞典是唯一一个未实施封锁政策的欧盟国家当局要求民众对自己的行为负责自觉遵守社交距离等规定温和的抗疫方式引争议瑞典公共卫生局最近研究预测至月日首都人口将被感染
哈尔滨各小区疫情防控升级禁止非本社区人员车辆进入租户还需提供租房协议月日黑龙江哈尔滨市出台关于进一步强化新冠肺炎疫情防控措施的意见各小区防疫人员严守入口人员进入必须扫龙江健康码测温戴口罩非本小区人员和车辆不得入内如是租户还需提供租房协议
北京旅事同城度假京距离古北水镇月日复位迎客根据北京市文化和旅游部门关于防控新冠肺炎疫情有序开放旅游景区工作的相关要求经政府部门批准同意自年月日周四:起古北水镇景区及旗下酒店在全面落实疫情防控工作的基础上将恢复对外开放详情请戳
日本东京练马区光之丘医院人感染新冠肺炎包括护士和住院病人在内的名患者被确诊感染现在练马光之丘医院的感染者总数为人社交媒体日本疫情
日本医疗系统正在崩溃日本家医院一枚口罩用天以上呼吸机不够用日本医疗资源告急医院内感染难杜绝新冠疫情在日本愈演愈烈一个由医师组成的日本民间机构进行了网络调查结果显示近半数的受访医疗机构一枚口罩需要用多天其中家医院一枚口罩要用四天以上因为担心发生感染
美国养老院成新冠疫情重灾区美疾控中心称冬天疫情或将更严重目前美国共有约万老人常住在养老院自新冠疫情在美国爆发以来养老院一直是人们关注的焦点由于检测量不足医疗设备缺乏这个聚集着高风险人群的场所成为了新冠肺炎疫情的重灾区近期发布的一项报告显示养老院病例数
华中科技大学附属协和医院发热门诊团队荣获团中央最高荣誉第届中国青年五四奖章集体在抗疫新冠疫情的战场上我们团队名医护人员其中岁以下青年名连续天共计接诊各类发热患者人次咽拭采样人次抢救急危重症名紧急心肺复苏人次呼吸机救治余人
最高法不得以新冠肺炎为由解除劳动合同最高人民法院月日发布关于依法妥善审理涉新冠肺炎疫情民事案件若干问题的指导意见提出用人单位仅以劳动者是新冠肺炎确诊患者疑似新冠肺炎患者无症状感染者被依法隔离人员或者劳动者来自疫情相对严重的地区为由主张解除劳动关系的人民法院
东京奥组委发现首例新冠病毒感染者东京奥组委日宣布奥组委一名男性员工被确诊感染新冠病毒奥组委在一份声明中说这名员工多岁是在日晚上检测呈阳性的他此前一直在奥组委位于东京晴海的总部上班声明说这名员工正在居家休息但没有透露他的病情和其他信息奥
美国密苏里州星期二对国提起诉讼指责京掩盖了新冠毒流行病的严重性在美国和世界范围内造成了无法弥补的经济和人员损害法国
张文宏称开展全民筛查核酸不可行假设新冠核酸检测很可靠实际上并非如此真新冠病人只会有个漏诊-----即有病被看做没病没新冠的病人只有个误诊-----即没病被看做有病新冠感染高峰期个人里有个万人参与检验已知人有感染故÷×=人被漏诊人被
超话都韩势超话官推更新韩势最近天气好像再次变得冷了我们都一直要小心感冒小心新冠😘真的好想你们今天也很加油照照片的时候阳光太耀眼了睁眼睛有点困难呢
感染数已超万美国多州抗议游行要求解除封锁随着新冠肺炎疫情持续蔓延美国当地时间月日累计确诊病例已经超过了万例死亡病例也超过了万人面对严峻的形势美国普通民众却正发起一场全国示威抗议活动要求解除封锁恢复经济连日来宾夕法尼亚州俄亥俄州加利福尼亚州
从美国开始免费检测新冠以后尽管当时检测试剂盒不够可是势如破竹的增速还是让大家都吓了一跳很多网友都以赌辣条的形式关注着美国的疫情什么时候破五万破十万破二十万现在试剂盒够了按理说应该能检测更多的人做到早发现早治疗但是最近的新确诊病例却变成了匀速增长每天增长数据
因一名工作人员亲属感染印度总统府约人居家隔离据路透社月日报道印度总统府约人居家隔离因一名清洁工家属新冠病毒检测结果呈阳性总统府拉响了警报据悉清洁工的名家属被送至一处隔离点住在总统府员工区套公寓里的其他工作人员和家属不得出门封面新闻视频的秒拍视频
新时代文明实践广州从化建立全市首个民政系统新时代文明实践所年初新冠肺炎疫情袭来在广州从化一群亮眼的黄色身影穿梭在从化的街头他们是宣传员辅导员排查员值班员送货员从城区到乡村这群黄衣志愿者成为了从化区新时代文明实践中最耀眼的一道风景线月日在从
分享一则值得新传考研人关注的传媒业新闻今天发布了一则消息年第一季度的订阅用户数量出现了大幅增长第一季度的全球流播放服务付费用户的总人数达到了亿人与去年同期的亿人相比增长较上一季度增长了万人在致股东的信中谈到了新冠
新冠疫苗最快年底可以紧急应用国家疾控中心主任卫健委高级别专家组成员高福周一表示根据疫情走势在应急情况下可能会于年底给一部分人群如医务人员先行使用新冠疫苗对于疫苗研发的时间表高福称如果按照正常的流程走可能要到今天年底至明年年初才能使用天下之事深圳小天超话
全球疫情西班牙日公布的数据较前日新增确诊病例例新增死亡病例例累计确诊病例达例其中人死亡人痊愈这增加数字复工似乎早了点离目标远着呢还是老老实实抗疫情免得一锅夹生饭西班牙新冠病毒源自哪里不会也象纽约一样说是意大利吧
巴西挖掘大型坟墓群死亡人数日渐增多巴西亚马孙州一城市挖掘大型坟墓群月日巴西亚马孙州马瑙斯市工作人员正在挖掘大型坟墓据报道受新冠病毒影响该市每天有多具尸体需要埋葬而在疫情之前平均每天需要处理的下葬事件仅为起此外为了应对日益增加的死亡人数该市相
报告社区网格化管理是遏制疫情扩散的关键因素月日发布的抗击新冠肺炎疫情的中国实践报告中提到疫情期间全民参与形成社会合力其中社区建设体现重要作用社区网络作为一种兜底的社会管理机制全国万名城乡社区工作人员在志愿者配合下对万个城乡社区深入走访宣讲防
看到这货的新闻真是气到想打人方方可以说你给了全世界名正言顺敲诈中国的理由本来在心里暗戳戳想敲诈你很溜啊直接把刀递给别人新冠肺怎么没找上你新冠肺这个事情就算中间确实有一些做的不到位的地方但家丑都要关起门来解决而你的所作所为就是鼓动其他国家以此为借口声讨国家
疫情下的美国中餐馆在整个新冠疫情期间一家华人快餐店仅关门了三天就恢复了营业因为老板说新冠不会马上死人但关门明天就得死人但是开门营业谈何容易因为疫情餐厅很难招到人厨师都跑了这位老板只能自己带着两位墨西哥兄弟一起做中餐别看人家是墨西哥人炒起中国菜来可
外交部回应加拿大防疫物资飞机空机返回相关报道不准确据外媒报道加拿大总理特鲁多日表示加拿大两架运送医疗物资飞机空机返回引发外界关注中国外交部发言人耿爽在日的例行记者会上回应此事时表示外媒相关报道不准确耿爽表示新冠肺炎疫情发生以来中加双方相互支持相互
马来西亚疫情月日新冠肺炎数据更新海外抗疫日记
茂名身边事学生返校时间确定将分批错峰开学受新冠肺炎疫情影响学生停课已三个月了相信不少家长和学生都盼望着可以早点开学现在有好消息传来我市年春季学期学生返校时间已经确定了具体是哪天详情请收看茂名电视综合频道今晚点一线关注茂名一线关注的微博视频
美国首例死亡病例时间提前了据洛杉矶时报月日报道日美国加利福尼亚州的法医透露根据尸检报告显示目前发现的全美最早一个新冠肺炎死亡病例于月日就出现了此前美国疾控中心确认的首例死亡病例出现时间为月日提前了近一个月同时因为早期检测不到位有很多的死
严防疫情反弹高校陆续开学这些防控准备要做好返校途中如何正确防护开学后上课用餐又该注意啥周末还能出校改善伙食吗国家卫健委教育部日前联合印发大专院校新冠肺炎疫情防控技术方案马上开学的你快收下这份防控宝典↓新华视点记者温竞华图片来源健康中国新华视点
失业人数特朗普将签署暂停移民命令疫情期间要保护美国人就业目前美国确诊新冠肺炎已超万例受疫情影响美国失业人口已达万人我一直想知道中国确切的失业人数然后查到的都是这样的数据年月份全国城镇调查失业率为比月份下降个百分点;其中至岁群体人口调
东京奥组委发现首例新冠病毒感染者东京奥组委日宣布奥组委一名男性员工被确诊感染新冠病毒奥组委在一份声明中说这名员工多岁是在日晚上检测呈阳性的他此前一直在奥组委位于东京晴海的总部上班声明说这名员工正在居家休息但没有透露他的病情和其他信息奥
听起来没那么致命科学家用唱出新冠病毒这是新型冠状病毒-的刺突蛋白模型也许难以想象这段音乐就是根据这种蛋白中的序列转换而成的古典音乐有复杂的重复模式和层次结构蛋白质中的氨基酸序列也是如此麻省理工学院材料科学家马库斯·布勒及其研究团队开发出了一种多层算法组合
警民同心百万警进千万家近日柞水县公安局红岩寺派出所在做好新冠肺炎疫情防控工作的同时深入开展百万警进千万家活动民警每天深入辖区及时了解和掌握群众的需求和困难并给予帮助月日在走访中民警了解到盘龙寺村三组有一位智力有障碍的聋哑人杨某因从小患有精神病曾经
疫情之下秘鲁数百移民被困公路天等待警方送回当地时间日受新冠肺炎疫情影响秘鲁约名移民被困在利马市附近的高速公路上目前他们已经获得了充足的食物和水据悉这批移民已在公路上待了四天疫情之下他们无法获得收入只能选择沿公路走回原籍地然而受封锁令影响这批移民被
环保设施向公众开放自彭水县生态环境局环保设施向公众开放活动开展以来受到了市民朋友们的广泛好评当前新冠肺炎疫情防控处在关键阶段彭水生态环境综合考虑现阶段避免大量人员集聚的情况创新参观方式开展云参观活动让群众足不出户就可以了解污水处理全过程下面跟随着镜头一起
国际疫情东京鸣钟致敬医护部分医护遭歧视东京银座地标建筑上的钟塔周一起每晚七点会敲响钟声向奋斗在抗疫第一线的医护人员致谢夜幕降临钟声回荡在行人寥寥的银座街头提醒人们不忘医护人员的辛劳坚守外出禁令共度难关具有特殊意义的钟声被命名为生命钟声日本新冠疫情形
美国密苏里州竟因疫情起诉中国耿爽纯属恶意滥诉十分荒谬据外媒报道美国密苏里州周二宣布起诉中国宣称中国的疫情应对使该州蒙受巨大经济损失对此中国外交部发言人耿爽在日外交部例行记者会上表示这种所谓的控告毫无事实和法律依据十分荒谬耿爽说新冠肺炎疫情发生以来中
加州补报新冠病例将美国本土首例死亡时间一下子前移了三周美国首例新冠肺炎死亡时间前移周据美国加利福尼亚州圣克拉拉县政府公共卫生部门当地时间月日通报在当地名新增早期新冠肺炎死亡病例中一人的死亡时间为今年月日该数据表明美国的首例新冠肺炎死亡发生时间至少比此前认为查看图片
北京已连续天无新增确诊病例今天下午北京市新型冠状病毒肺炎疫情防控工作新闻发布会上市委宣传部副部长市政府新闻办主任市政府新闻发言人徐和建介绍昨天北京无新增报告境外输入和本地新冠肺炎确诊病例疑似病例和无症状感染者北京市已经连续天无新增报告确诊病例实现双零增长
一个不少名孩子全部平安出院背后有这样的故事武汉市儿童医院是武汉唯一的新冠患儿定点救治医院截至月日全院共接生了个婴儿累计收治新冠肺炎疑似确诊患儿例目前已经全部出院清零在这个数字背后是这家医院里不同科室不同工种的医护人员从始至终的坚守与付出
超话更新「의료진여러분덕분에대한민국은코로나위기를함께극복해나가고있습니다」의료진덕분에덕분에챌린지덕분에캠페인다음은동방신기유노윤호님존경의마음을전해주세요「感谢所有的医护人员与韩国一起共克新冠危机」感谢医护人
文旅部年全国导游资格考试结果公布根据新冠肺炎疫情防控工作整体部署年全国导游资格考试结果将于年月日:公布届时考生可登录全国旅游监管服务平台全国导游资格考试网上报名系统查询考试结果网页链接
环球资讯越来越好了意大利呼吸机数量超过重症患者人数意大利新冠病毒应急委员会宣布日意大利现有重症监护病例例现有呼吸机台呼吸机数量超过重症患者人数完全能满足救治病人的需要但绝不能放松警惕央视新闻央视网的微博视频
文化大革命没有任何积极意义谈论文化大革命的积极意义相当于讨论汶川大地震的积极意义相当于讨论新冠疫情的积极意义没有积极意义这都是灾难区别只是文化大革命是人祸后两者是天灾而已不要去讨论灾难的积极意义那是对死者的亵渎
世界读书日读书挑战赛旅行是我很喜欢做的事情旅行的时候有好书也是必须的有的时候我们不用出远门就地发现一下自己城市的美也是一种旅行那本关于气质的书嘛估计看着玩还是可以的万一你抽到卡夫卡那本不是看着玩的我其实很希望北京网友抽到北京的书这三本我都入手了家乡的美什
图解|重点场所新冠肺炎疫情防控技术指南之铁路客运篇详情请点击图解|重点场所新冠肺炎疫情防控技术指南之铁路客运篇
耿爽回应美密苏里州起诉中国纯属恶意滥诉十分荒谬外交部回应密苏里州因疫情起诉中国据外媒报道美国密苏里州周二宣布起诉中国宣称中国的疫情应对使该州蒙受巨大经济损失对此中国外交部发言人耿爽在日外交部例行记者会上表示这种所谓的控告毫无事实和法律依据十分荒谬耿
抗击新冠肺炎禅城在行动佛山首批驰援湖北名护士休整期满回家月日上午时张健等名佛山首批驰援湖北医疗队员结束天休整期从江门回到佛山与亲友团聚相拥至此佛山派出的名驰援湖北医疗队员已全部平安回家
中国将首次为无失业保险农民工提供补助中国已承诺向数百万因新冠疫情失去收入之前未纳入社会保障体系的农民工提供福利支持中国国务院周二宣布未参加失业保险的农民工将首次能够申请低保并宣布将保障范围扩大至其他未被政府保险计划覆盖的人群中国国务院表示将鼓励政府支持的重大项
台海军两名指挥官因疫情接受调查台海军敦睦舰队人确诊感染新冠台防务部门被指隐瞒疫情台当局防务部门负责人严德发日晚公布军舰群聚感染事件首波惩处名单海军舰队指挥官高嘉滨敦睦舰队支队长陈道辉将被调离现职接受调查严德发称他已自请处分包括请辞
梳起长发穿上医护装瑞典王妃加入抗疫前线月日外媒报道称瑞典索菲亚王妃加入抗击新冠病毒一线工作她暂时放下皇室工作在一家医院做医疗助理主要负责消毒设备清洁和在厨房帮忙在加入瑞典皇室前她曾从事模特工作年她与菲利普王子成婚婚后二人育有两个孩子
希腊难民安置酒店暴发疫情人确诊小镇被紧急封锁月日希腊伯罗奔尼撒半岛一小镇上的难民安置酒店内有人确诊新冠肺炎感染者包括名难民和名酒店工作人员他们都是无症状感染者当地小镇已开始实行宵禁和更严格的封锁措施这是希腊境内第处出现疫情的难民和移民设施
华中科技大学附属协和医院发热门诊团队荣获团中央最高荣誉第届中国青年五四奖章集体在抗疫新冠疫情的战场上我们团队名医护人员其中岁以下青年名连续天共计接诊各类发热患者人次咽拭采样人次抢救急危重症名紧急心肺复苏人次呼吸机救治余人
哈佛回应特朗普点名特朗普和美国名校哈佛大学杠上了当地时间日白宫举行新冠肺炎疫情新闻发布会综合多家美媒报道会上特朗普在记者提问美国财政部长时突然插话并点名要哈佛大学还钱据国会山报现场视频显示当天疫情简报会现场有记者就纽约快餐连锁品牌昔客堡
微预警陕西省学校突发公共卫生事件年第号预警随着新冠肺炎疫情防控形势的逐渐好转学校相继复课手足口病等传染性事件已进入多发时段为进一步加强全省学校疾病防控工作减少学校突发公共卫生事件根据健康陕西突发公共卫生事件风险评估通报当前全省各级各类学校应特别关注新冠
巴西马瑙斯市挖掘大型坟墓埋葬尸体巴西新冠肺炎疫情蔓延亚马孙州一城挖掘大型坟墓埋葬尸体据美国有线电视新闻网月日报道巴西亚马孙州首府马瑙斯市内工作人员正在挖掘大型坟墓以便之后将一些棺材埋入其中报道称马瑙斯市市长阿瑟·维尔吉利奥·内托的办公室称受
昨天救武汉今天救世界天前雷神山医院完成使命正式休舱今天雷神山医院的英雄们来到了更大的全球抗疫战场由阿里巴巴公益基金会和马云公益基金会发起的全球新冠肺炎实战共享平台向津巴布韦多名医生直播分享一线抗疫经验截至目前已有近个国家和地区的近名
防抗新型冠状病毒感染的肺炎福建八闽健康码已亮码通行超过万人次月日下午福建省政府新闻办召开福建省新冠肺炎疫情联防联控工作第二十场新闻发布会省民政厅副厅长赵荣生介绍随着全省各地陆续复工复产和境外输入疫情的影响强化社区防控服务推进网格化管理做好困难群众的
两位因新冠肺炎脸色发黑的医生怎样了两位感染新冠病毒的武汉大夫易凡和胡卫峰经过两个多月的治疗终于被救回却脸色发黑引发各界关注两位医生状态如何什么时候可以出院他们体内受损的状况如何会不会有后遗症近日他们的主治医生武汉同济医院重症医学科主任李树生做客新闻
|牛津大学新冠疫苗项目将进行人体试验政府拨款两千万将于日进行当地时间周二英国卫生大臣汉考克在每日的疫情新闻发布会上表示首批应对新冠肺炎疫苗将于周四开展人体试验除此之外政府将拨款万英镑帮助研究团队更好进行疫苗研究尽可能达到九月份前生产一百万剂疫苗的目标
两位因新冠肺炎脸色发黑的医生怎样了两位感染新冠病毒的武汉大夫易凡和胡卫峰经过两个多月的治疗终于被救回却脸色发黑引发各界关注两位医生状态如何什么时候可以出院他们体内受损的状况如何会不会有后遗症近日他们的主治医生武汉同济医院重症医学科主任李树生做客新闻
|牛津大学新冠疫苗项目将进行人体试验政府拨款两千万将于日进行当地时间周二英国卫生大臣汉考克在每日的疫情新闻发布会上表示首批应对新冠肺炎疫苗将于周四开展人体试验除此之外政府将拨款万英镑帮助研究团队更好进行疫苗研究尽可能达到九月份前生产一百万剂疫苗的目标
内蒙古中考延期至月日至日据了解经内蒙古新冠肺炎防控工作指挥部同意年内蒙古中考延期举行中考报名时间为月日至日考试时间为月日至日具体时间由各盟市根据本地实际情况确定此前内蒙古高三初三年级已于月日正式开学复课月日内蒙古初高中一二年级和
联合国国际农业发展基金新任亲善大使英国著名演员制片人和人道主义者伊德瑞斯·艾尔巴和妻子萨布丽娜·艾尔巴近日发起了一个新的抗击-新型冠状病毒的救助基金以防止大流行造成的经济冲击引发全球饥饿和粮食危机这个名为冠状病毒病农村贫
外交部回应加拿大防疫物资飞机空机返回相关报道不准确据外媒报道加拿大总理特鲁多日表示加拿大两架运送医疗物资飞机空机返回引发外界关注中国外交部发言人耿爽在日的例行记者会上回应此事时表示外媒相关报道不准确耿爽表示新冠肺炎疫情发生以来中加双方相互支持相互
新冠患者肤色可能变黑北京卫视生命缘栏目日前报道武汉市中心医院易凡胡卫锋两名医生作为新冠肺炎重症患者在两个多月的治疗后转危为安然而其发黑的肤色让人为之心痛对此有报道称新冠肺炎重症患者肤色变黑主要因为肝脏受损肝脏对铁铜的代谢和储存有所帮助但由于新冠病毒
世卫组织运送新冠病毒样本车辆在缅甸若开邦遇袭司机身亡联合国予以强烈谴责联合国秘书长古特雷斯月日通过发言人发表声明强烈谴责月日在缅甸超话若开邦发生的袭击世界卫生组织运输冠状病毒监测样本车辆的事件在这次事件中驾驶带有世卫组织明显标志车辆的司机遇袭身
外交部提醒海外中国公民避免跨境流动滨海微提示新冠肺炎疫情在全球持续蔓延外交部郑重提醒中国公民要充分评估当前国际旅行所带来的交叉感染滞留国外等严重风险在国内的中国公民暂勿出国旅行在国外的避免跨境流动海外中国公民如遇紧急情况可联系中国驻当地使领馆寻求领
香港今增宗确诊连续日无本地个案香港疫情日报香港卫生署及医院管理局今日日下午就新冠病毒疫情最新情况举行简报会卫生署卫生防护中心传染病处主任张竹君表示本港今日新增宗确诊个案患者均由英国返港累计确诊个案增至宗本港连续日没有新增新冠病毒本地个案
黑龙江公布例省内新增确诊病例行程轨迹关注新冠肺炎年月日-时黑龙江省省内新增确诊病例例哈尔滨例本土无症状感染者转为确诊病例例其中有例是确诊病例陈某君男岁在哈医大一院住院期间同楼层同病区的住院患者有例为同期间住院患者陪护这例确诊病例都是
全球抗疫第一线美国西班牙意大利累计确诊超万例一图了解新冠肺炎世界疫情形势点击链接→网页链接关注全球疫情
意大利堆满棺材的教堂清空摆满鲜花意大利市长我们挺过了最艰难的阶段近日意大利贝加莫市据报道贝加莫市长在推特上发布了一张教堂内部的照片之前被棺材挤满的位置现在摆满了鲜花市长配文称我们挺过了最艰难的阶段据悉此前因停尸房超负荷无法接纳新冠死者教堂大厅一度
网传小区存在疫情北京提醒市民不信谣不传谣近期网络流传北京多个小区存在疫情月日在北京新冠肺炎疫情防控工作新闻发布会上北京市委宣传部副部长北京市人民政府新闻办公室主任介绍北京市政府一直按要求通报疫情病例以及涉及疫情小区等内容提醒市民不信谣不传谣网传北京几个小
最新全球疫情新冠感染者增至近万累计死亡逾万月日中国之外个国家和地区有感染病例累计感染者过千例的已有个美国累计感染超万例西班牙超万例意大利逾万例欧洲确诊超千例国家已个亚洲个美洲个非洲个大洋洲个最新全球疫情新冠感染者增至近万累计死亡逾万
外交部评价马云向外国捐赠抗疫物资中国善举是投桃报李的传统美德外交部发言人耿爽表示马云先生的话很直接也很坦率在大灾大难面前自私仇恨攻讦从来不是正确的选择良知互助感恩才是强大的力量新冠肺炎疫情发生以来国际社会给予中方真诚帮助和大力的支持对此我们铭记在心
广东岁小伙林栋在新冠疫情期间飞往土耳其倒卖熔喷布回国击败众多国际对手后拿到每月吨的供应每月净利万左右有人说他是枭雄有人说他发国难财他说你们不该骂我而该感谢我你们怎么看
秒看特朗普次出尔反尔我没说过美国媒体总结疫情期间特朗普多次出尔反尔推翻自己的言论最短仅有一天他曾说新冠肺炎像流感说病毒月会消失说不需要-万台呼吸机在被记者质问时他通常的回答是我没说过时差视频的微博视频
联防联控机制权威发布目前看大部分复阳患者没有临床症状月日国务院联防联控机制举行新闻发布会介绍新冠肺炎出院患者管理服务情况北京大学第一医院感染科主任王贵强说一般情况下复阳的患者都没有明显的临床表现目前看大部分复阳的患者都没有症状只是核酸检测出现了阳性也有极个
秒看特朗普次出尔反尔我没说过美国媒体总结疫情期间特朗普多次出尔反尔推翻自己的言论最短仅有一天他曾说新冠肺炎像流感说病毒月会消失说不需要-万台呼吸机在被记者质问时他通常的回答是我没说过时差视频的微博视频
联防联控机制权威发布目前看大部分复阳患者没有临床症状月日国务院联防联控机制举行新闻发布会介绍新冠肺炎出院患者管理服务情况北京大学第一医院感染科主任王贵强说一般情况下复阳的患者都没有明显的临床表现目前看大部分复阳的患者都没有症状只是核酸检测出现了阳性也有极个
钟南山说我们挺过来了看看各国应对新冠的情况太真实潮英语的微博视频
广州星巴克好世界店又一员工感染均为无症状已有相关人免费核酸检测月日广东广州星巴克好世界店又一员工感染新冠系该店第二名无症状感染病例该病例为岁男性籍贯广东此前日星巴克确认该店面一员工感染新冠称已入院治疗涉事门店已全面消毒广州其他门店均执行一级防
新冠疫情激化亚裔歧视但偏见其实根植于美国社会亚裔所面临的敌意最根本的是对美国的归属感的问题骆家辉就是一名华裔他最近出现在特朗普针对拜登的竞选广告中却被当成一名中国官员亚裔不管你是二代三代还是四代移民仍然会被视为是外国人骆家辉说详情网页链接
亿美元埃克森美孚惠州乙烯项目开工月日中国国家重大外资项目总投资亿美元的埃克森美孚惠州乙烯项目在广东惠州大亚湾石化区开工这是继湛江东海岛巴斯夫精细化工一体化项目之后广东又一个百亿美元级外商独资重大石化项目在全球被新冠肺炎疫情阴霾笼罩之际大亚湾这一重大
浙大一院完成老年新冠肺移植手术患者即将康复出院月日据浙大一院消息全球首两例老年新冠肺移植受者即将康复出院月日日两位老年新冠肺移植患者在多学科团队医生的支持下进行了肺移植手术两位患者术后均顺利撤掉人工膜肺可以下床走路和自主进食
广州一起传播的分析说明新冠病毒是通过飞沫传播的不是通过气溶胶传播的被传染者与传染者距离最远达米说明空调的气流会扩大飞沫传播范围
外交部中方愿同其他常任理事国就举行安理会五常峰会保持沟通在月日外交部例行记者会上发言人耿爽就塔斯社记者关于联合国安理会五常峰会的问题回答称当前新冠肺炎疫情在全球扩散蔓延中方对有利于推动国际团结推动合作抗疫的倡议都持积极态度关于举行安理会五常峰会包括视频峰
新冠疫情激化亚裔歧视但偏见其实根植于美国社会亚裔所面临的敌意最根本的是对美国的归属感的问题骆家辉就是一名华裔他最近出现在特朗普针对拜登的竞选广告中却被当成一名中国官员亚裔不管你是二代三代还是四代移民仍然会被视为是外国人骆家辉说详情网页链接
亿美元埃克森美孚惠州乙烯项目开工月日中国国家重大外资项目总投资亿美元的埃克森美孚惠州乙烯项目在广东惠州大亚湾石化区开工这是继湛江东海岛巴斯夫精细化工一体化项目之后广东又一个百亿美元级外商独资重大石化项目在全球被新冠肺炎疫情阴霾笼罩之际大亚湾这一重大
浙大一院完成老年新冠肺移植手术患者即将康复出院月日据浙大一院消息全球首两例老年新冠肺移植受者即将康复出院月日日两位老年新冠肺移植患者在多学科团队医生的支持下进行了肺移植手术两位患者术后均顺利撤掉人工膜肺可以下床走路和自主进食
广州一起传播的分析说明新冠病毒是通过飞沫传播的不是通过气溶胶传播的被传染者与传染者距离最远达米说明空调的气流会扩大飞沫传播范围
外交部中方愿同其他常任理事国就举行安理会五常峰会保持沟通在月日外交部例行记者会上发言人耿爽就塔斯社记者关于联合国安理会五常峰会的问题回答称当前新冠肺炎疫情在全球扩散蔓延中方对有利于推动国际团结推动合作抗疫的倡议都持积极态度关于举行安理会五常峰会包括视频峰
共同战疫本周荷兰驻华使馆收到了中国国家税务总局捐赠给荷兰税务部门的个口罩自年起荷兰税务局就和中国国家税务总局开展了合作项目十分感谢本次的捐赠口罩将于本周转交给荷兰税务机关这些口罩将会被分发到需要的地方让我们肩并肩共同抗击新冠病毒疫情不分国界
疫情之下学海生涯如何规划在今年新冠肺炎疫情的特殊时刻高三学生们如何做好志愿填报等定位问题厦门卫视的微博视频
安塞尔·埃尔格特发分享一张自己的裸照哄网友点链接做慈善筹到了万美元善款后被要求删图他在删除后做了说明也补充说图是自己父亲拍的老爸很生气儿子没给他署名这条微博配图按埃尔格特说的裁掉了原图下面一部分大约九寸吧截图来自推主埃尔格特发
纽约急诊室惨烈实况名医护抢救男子月日美国纽约州一医院急诊室主任向美联社记者表示仅在其当值时就宣布人死亡自己从医多年从未见过如此景象目前该院已有超名职工感染新冠肺炎纽约急诊室惨烈实况名医护抢救男子澎湃新闻的微博视频
新冠疫苗志愿者今日份暴走万步买咖啡喝奶茶云逛街喝奶茶居然忘了摘口罩武汉的微博视频
今天又有華人被歧視及攻擊的新聞在袋鼠國的墨爾本一對年青華人夫婦家中的大閘被噴漆塗鴉新冠肺炎中國去死更被石頭砸進屋內接受訪問時丈夫說晚上睡不到覺時刻要警惕保護幼子其實洋人歧視中國人就是他們與生俱來的天性他們價值觀是弱肉強食及排外什麼命運共同體好幼稚囉反正
专家呼吁中美两国加强合作共抗疫情彭博创新经济对话日展开题为美中脱钩风险的视频研讨会多名与会者认为新冠疫情之下双边关系恶化不利于两国也不利于全球中美应该在疫苗研发帮助发展中国家抗疫等方面加强合作共同抗击疫情澳大利亚前总理美国亚洲协会政策研究院院长陆
台军舰染疫案首波惩处名单出炉台媒荒腔走板弃军保帅台海军敦睦舰队爆发新冠肺炎群聚感染至今已有人确诊台军方对于相关情况却一再隐匿引发公愤据台湾中国时报报道在舆论压力下民进党当局防务主管部门负责人严德发日晚就官兵染疫造成社会不安致歉他声称已向蔡英文自
韩国民众请愿驱逐全能神邪教虚假难民韩国宗教与真理网站报道全能神邪教组织虚假难民滞留者在韩国多地聚居生活存在新冠病毒肺炎疑似患者可能但由于全能神抵制防疫因此无法对其展开调查和防疫消毒其窝点只要有一人发病可能会面临全面感染的风险附近居民对此十分担忧
豫论场丨快递进社区别老慢半拍□夏远望月上旬中央应对新冠肺炎疫情工作领导小组印发关于在有效防控疫情的同时积极有序推进复工复产的指导意见近日我省发布关于做好新冠肺炎疫情常态化防控工作的指导意见两份文件均明确提出完善物流快递业相关防控措施允许快递人员
密苏里州借疫情告中国学者根本不成立多名美国国会共和党籍议员此前宣称就美国新冠疫情暴发要将中国告上法庭寻求索赔耿爽月日三连问回击上述强盗逻辑芝加哥大学国际法教授汤姆·金斯伯格则表示基于国际法中的主权豁免原则外国政府不能在他国法庭受审这意
努尔苏丹市新建传染病专科医院完成全部施工任务已交付使用据新冠疫情应对工作应急指挥部消息该模块化的传染病专科医院由哈萨克斯坦建筑工程公司负责施工建造占地接近万平方米的医院主体工程采用快速组装建筑材料从开始建设至交付使用总计仅用了天的时间医院总计个床位将专门
深圳累计名师生感染新冠重点岗位教职工一律要测核酸深小卫深圳卫健委月日上午时深圳市政府新闻办就做好学校疫情防控召开专场新闻发布会深圳师生共有人感染新冠病毒深圳市卫健委副主任吴兵介绍截至月日深圳累计报告新冠肺炎病例例另有例无症状感染者尚在
牛津大学新冠疫苗项目将进行人体试验英国卫生大臣汉考克在周二的疫情发布会上宣布牛津大学的新冠病毒疫苗项目将从本周四开始进行人体试验据英国卫生部周二新冠疫情数据该国累计确诊病例已超过万例死亡病例超万例视频记者韩宝仪中报视频中报视频的秒拍视频
在昨天的二十国集团农业部长特别会议上联合国粮农组织国际农业发展基金世界银行和联合国世界粮食计划署发表联合声明强调新冠疫情当前各方需果断采取集体行动确保疫情不对粮食安全和营养构成威胁并增强今后对冲击的抵御能力详情冠状病毒病疫情对粮食安全和营养所致影响的联合声明
牛津大学新冠疫苗项目将进行人体试验英国卫生大臣汉考克在周二的疫情发布会上宣布牛津大学的新冠病毒疫苗项目将从本周四开始进行人体试验据英国卫生部周二新冠疫情数据该国累计确诊病例已超过万例死亡病例超万例视频记者韩宝仪中报视频中报视频的秒拍视频
在昨天的二十国集团农业部长特别会议上联合国粮农组织国际农业发展基金世界银行和联合国世界粮食计划署发表联合声明强调新冠疫情当前各方需果断采取集体行动确保疫情不对粮食安全和营养构成威胁并增强今后对冲击的抵御能力详情冠状病毒病疫情对粮食安全和营养所致影响的联合声明
微预警陕西省学校突发公共卫生事件年第号预警随着新冠肺炎疫情防控形势的逐渐好转学校相继复课手足口病等传染性事件已进入多发时段为进一步加强全省学校疾病防控工作减少学校突发公共卫生事件根据健康陕西突发公共卫生事件风险评估通报当前全省各级各类学校应特别关注新冠
特朗普要哈佛归还抗疫援助金哈佛回应不还美国总统特朗普日严词要求哈佛大学归还先前接收的数百万美元抗击新冠病毒疫情援助金理由是这所名校享受充足的捐赠没有资格接受政府援助他当天在白宫疫情通报记者会上说哈佛你把那笔钱还回来如果不还我们将采取其他措施
世卫组织辟谣新冠病毒起源自实验室颜小江说法互联网不是法外之地恶意编造传播谣言会触犯哪些法律红线检察官小姐姐提示互联网不是法外之地不造谣不信谣不传谣沿江检察的微博视频
墨西哥总统回应贩毒集团给穷人送物资没用你们不如不犯罪新冠疫情暴发后不少民众生活陷入困顿贩毒团队开始向民众分发食物等物资墨西哥总统表示我看到他们在分发食物不过这个毫无帮助我们正在全力对抗新冠肺炎但是不幸的是我们还要分出精力来对付谋杀案新京报我们视频
疫情期间啥幺蛾子事都有有个发源于国外的谣言就非常搞笑说新冠病毒的传播是由基站造成的我们中国人听了肯定觉得好笑但国外确实很多人相信甚至在月初的时候英国一周内好多基站都被烧了由于纵火者搞不清基站的规格烧的大部分都是基站为什么会有这样的谣言呢这是因为有人做
台湾地区月份失业率为民进党当局主计总处今天日公布岛内月失业率为经调整季节变动因素后的失业率则为失业率连续个月走扬新冠肺炎疫情对就业市场冲击程度值得后续关注台湾地区月份失业率为
黑龙江新增例本土无症状感染者轨迹葛某女岁自由职业常住址黑龙江省哈尔滨市方正县方正林业局星火林场组系确诊病例二葛某的女儿月日诊断为新冠肺炎无症状感染者月日时陪同父亲从方正林业局乘私家车出发时到哈医大一院就诊时在喜家德水饺医大二院店用
驻津巴布韦大使夫人王薇参赞出席中国企业向津巴布韦希望天使基金捐赠抗疫物资交接仪式月日中国驻津巴布韦大使夫人王薇参赞出席中国企业向津巴布韦希望天使基金捐赠抗击新冠肺炎疫情物资交接仪式津第一夫人奥克西利娅·姆南加古瓦四川普得时代科技有限公司华为公司及津国家电视台
美国男子称不怕病毒要自由后感染新冠去世美国男子发帖不怕病毒要自由个月后因新冠去世月日美国俄亥俄州男子约翰发文称有人有勇气站出来说新冠病毒是一场政治阴谋吗有人能证明我说错了吗两天后他又发帖称如果你怕得病那就不要出门月日在发帖一个月后约翰因新
云艺考带火视频录制服务考生顺应变化积极备考受新冠肺炎疫情影响各大艺术类院线纷纷调整年艺考方案表演播音主持等部分专业的初试方式调整为考生录制视频线上提交学校进行远程‘云筛选’这让不少艺考培训机构看到了考生们录制视频的新需求不少艺考生在谈及前来录制视
世卫组织辟谣新冠病毒起源自实验室颜小江说法反谣言检察版一键转发无忧吃瓜争喋不休事实认定已成舟悔悟泪直流千万网友们深陷恐慌漩涡遇到不实信息务必核实警惕切莫瞬间就转走信息垃圾网络世界虚拟并非法外之地词回车诺比的梦说唱爱黛
吨口罩顺利出口月日点分在合肥海关所属合肥新桥机场海关关员的监管下一架载着吨口罩的波音-货机从合肥新桥机场飞往海外这条全新的空中物流桥梁近期将运输安徽和附近省份制造的防疫物资至欧洲助力境外抗击新冠肺炎疫情
首部武汉新冠肺炎患者创作的手绘抗疫日记出版转发送书多次参与央视新闻共同战疫不间断直播的方舱手绘小姐姐黎婧出新书啦武汉日记方舱手绘小姐姐的抗疫画集即日由中国国际广播出版社正式出版这本首部由武汉新冠肺炎患者创作的手绘抗疫日记用漫画记录了抗疫历史中的这
耿爽回应美密苏里州起诉中国纯属恶意滥诉十分荒谬外交部回应密苏里州因疫情起诉中国据外媒报道美国密苏里州周二宣布起诉中国宣称中国的疫情应对使该州蒙受巨大经济损失对此中国外交部发言人耿爽在日外交部例行记者会上表示这种所谓的控告毫无事实和法律依据十分荒谬耿
一停靠长崎邮轮名船员确诊月日日本共同社报道停靠在长崎的一艘邮轮新增人被确诊涉事的歌诗达大西洋号正停在当地造船厂维修船上共有名船员没有乘客首名确诊船员日开始发热日确诊后在邮轮上的房间中隔离聚焦新冠肺炎疫情世面世面的秒拍视频
华大基因收深交所关注函说明新冠病毒检测试剂盒在欧美等市场的销量占有率等情况月日深交所对华大基因发关注函要求说明公司的新冠病毒核酸检测试剂盒在欧盟美国等国家和地区销售资质证明或销售许可的有效期限以及到期后是否存在不能续期的风险结合公司在手订单产能以及国内外
报告高使用率高有效率的中西医结合方案是中国抗疫临床治疗的一大特色月日发布的抗击新冠肺炎疫情的中国实践报告中提到在疫情期间全国和湖北全省新冠肺炎确诊病例中中医药使用率和总有效率都超过临床疗效观察显示中医药能有效缓解症状减少轻型普通型向重型发展提高治
不能上一线就做幕后英雄上海女医生两个月义诊答疑余万字新冠肺炎疫情之下线上问诊需求暴增成为疫情防控的第二战场上海医生周雪在丈夫驰援武汉一线后加入线上义诊仅两个月就帮助了多个病人答疑近万条转发致敬央视网快看的微博视频
美國密蘇里州急甩鍋竟起訴中國美網友疫情失控在於美國政府隨著今年美國大選日的臨近以及疫情失控導致美國經濟近乎停滯美國兩黨從政府國會到地方不斷炒作中國議題試圖轉移自身抗疫不力的失職問題為日益臨近的大選掃清障礙據報道月日美國密蘇里州對中國提起訴
南阳市高一高二开学时间严重不合理一些一线城市开学的不知道您在这儿舞啥呢南阳能跟你们比吗没有预告直接开学五天时间不说网课口罩什么的都难搞更别说有些贫困家庭了开学不是直接给新冠送人头有些事只要不发生到自己身上永远不知道什么叫做感同身受
意大利研究者在空气颗粒物上检出新冠这项研究表明新冠病毒可以存在于室外空气中的颗粒物上在大气稳定且高浓度的环境下新冠病毒可与户外的空气颗粒物成簇通过降低其扩散系数增强病毒在空气中的持久性该研究于近日发表在论文预印平台上意大利研究者在空气颗粒物上检出新冠
吴晓波在激荡演讲里有一句话戳中了我英国首相丘吉尔在二战的时候说过不要浪费一场危机我想这就是对于重启的正确打开方式最好的解释吧这几个月和小伙伴们一起见证了很多历史美国第四次熔断那晚大家心态都崩了没想到昨天醒来连油价都变成负数了好多朋友都计划着这会儿
国际疫情东京鸣钟致敬医护部分医护遭歧视东京银座地标建筑上的钟塔周一起每晚七点会敲响钟声向奋斗在抗疫第一线的医护人员致谢夜幕降临钟声回荡在行人寥寥的银座街头提醒人们不忘医护人员的辛劳坚守外出禁令共度难关具有特殊意义的钟声被命名为生命钟声日本新冠疫情形
京视频外交部评价马云向外国捐赠抗疫物资中国善举是投桃报李的传统美德外交部发言人耿爽表示马云先生的话很直接也很坦率在大灾大难面前自私仇恨攻讦从来不是正确的选择良知互助感恩才是强大的力量新冠肺炎疫情发生以来国际社会给予中方真诚帮助和大力的支持对此我们铭
每经整点播每经点丨明后两年购置的新能源汽车免征车辆购置税加州补报新冠病例将美国本土首例死亡时间一下子前移了三周至年新能源车免征购置税财政部公告称自年月日至年月日对购置的新能源汽车免征车辆购置税免征车辆购置税的新能源汽车是指纯电动汽
济宁身边事紧急寻人一无症状感染者曾乘火车途经山东站月日湖北省麻城市新冠肺炎疫情防控指挥部发布关于寻找无症状感染者密切接触人员的通告急寻乘坐次列车号车厢的乘客据悉次列车在山东停靠菏泽梁山聊城站↓↓↓麻城市寻找无症状感染者密切接触
世卫组织警告最糟糕的时刻即将到来世界卫生组织总干事谭德塞日在日内瓦的新闻发布会上说缺乏团结正在助长新冠疫情的流行最糟糕的时刻即将到来他表示新冠病毒非常危险他利用了人与人之间政党与政党之间国家与国家之间的分歧他呼吁不要把这种病毒作为相互对抗或赢得政治得分
法国一些网购平台称新冠毒家里蹲令执行以来各类款式好的上衣的销量大增裤子销量大减究其原因远程会议的时候镜头只照上面不照下面也有发生意外的时候有人远程会议结束后忘记关摄像头就站起来然后转身向前走几步举起手来摇摆着打个哈欠无意中展示了一下自己
转发周知钟南山李兰娟张文宏都说该开学了月日教育部召开学校疫情防控专家报告视频会钟南山李兰娟张文宏就如何做好开学后学校新冠肺炎疫情防控工作等进行了专题报告我赞成现在要复课钟南山表示我们也必须在严防严控的情况下开始复学视频的微博视频
报告社区网格化管理是遏制疫情扩散的关键因素月日发布的抗击新冠肺炎疫情的中国实践报告中提到疫情期间全民参与形成社会合力其中社区建设体现重要作用社区网络作为一种兜底的社会管理机制全国万名城乡社区工作人员在志愿者配合下对万个城乡社区深入走访宣讲防
外交部评马云回应被批向外国捐赠抗疫物资自私仇恨攻讦从来不是正确的选择关注新冠肺炎中国外交部发言人耿爽日在例行记者会上表示在大灾大难面前自私仇恨攻讦从来不是正确的选择良知互助感恩才是强大的力量有记者提问日前马云在接受央视新闻＋节目采访中
这次新冠疫情在欧美只是加速原先的养老院制度崩解本来随着人力和养老负担加重养老院运营就已经很困难了我们国家设计的养老体系主要是只有的老人会去住养老院靠社区政府帮扶剩下都是自己居家靠子女养儿防老
广东岁小伙林栋在新冠疫情期间飞往土耳其倒卖熔喷布回国击败众多国际对手后拿到每月吨的供应每月净利万左右有人说他是枭雄有人说他发国难财他说你们不该骂我而该感谢我你们怎么看
世卫组织警告最糟糕的时刻即将到来世界卫生组织总干事谭德塞日在日内瓦的新闻发布会上说缺乏团结正在助长新冠疫情的流行最糟糕的时刻即将到来他表示新冠病毒非常危险他利用了人与人之间政党与政党之间国家与国家之间的分歧他呼吁不要把这种病毒作为相互对抗或赢得政治得分
法国一些网购平台称新冠毒家里蹲令执行以来各类款式好的上衣的销量大增裤子销量大减究其原因远程会议的时候镜头只照上面不照下面也有发生意外的时候有人远程会议结束后忘记关摄像头就站起来然后转身向前走几步举起手来摇摆着打个哈欠无意中展示了一下自己
解药|争议不止诺华开展羟氯喹抗新冠疗效验证随机双盲对照试验纳入名患者多项研究认为药物使用为时尚早对疗效和副作用都提出警解药|争议不止诺华开展羟氯喹抗新冠疗效验证来自财新客户端
美国前总统夫人米歇尔·奥巴马给因疫情困在家中的孩子们读童书据纽约时报美国前总统夫人米歇尔·奥巴马近日与美国企鹅小读者以及兰登书屋儿童读物合作推出一档持续四周的节目与米歇尔·奥巴马共度周一在节目中米歇尔·奥巴马将与因新冠疫情而困守的上百万美国家庭分享她喜爱的童
秒看特朗普次出尔反尔我没说过美国媒体总结疫情期间特朗普多次出尔反尔推翻自己的言论最短仅有一天他曾说新冠肺炎像流感说病毒月会消失说不需要-万台呼吸机在被记者质问时他通常的回答是我没说过美国新冠病毒感染病例超过万时差视频的微博视频
美国男子称不怕病毒要自由后感染新冠去世美国男子发帖不怕病毒要自由个月后因新冠去世月日美国俄亥俄州男子约翰发文称有人有勇气站出来说新冠病毒是一场政治阴谋吗有人能证明我说错了吗两天后他又发帖称如果你怕得病那就不要出门月日在发帖一个月后约翰因新
俄罗斯新增新冠肺炎例俄罗斯和土耳其以及英国这三个国家现阶段的疫情发展是最不可控状态的微博投票
内蒙古中考延期至月日至日据了解经内蒙古新冠肺炎防控工作指挥部同意年内蒙古中考延期举行中考报名时间为月日至日考试时间为月日至日具体时间由各盟市根据本地实际情况确定此前内蒙古高三初三年级已于月日正式开学复课月日内蒙古初高中一二年级和
盖茨基金会等多机构疑遭黑客攻击近万邮箱泄露据外媒报道负责监视网络极端主义和恐怖组织的情报集团表示未知激进分子在互联网上发布了将近个电子邮件地址和密码据称这些信息属于美国国立卫生研究院世界卫生组织世界银行盖茨基金会等致力于抗击新冠疫情的机构和组织
昨天救武汉今天救世界天前雷神山医院完成使命正式休舱今天雷神山医院的英雄们来到了更大的全球抗疫战场由阿里巴巴公益基金会和马云公益基金会发起的全球新冠肺炎实战共享平台向津巴布韦多名医生直播分享一线抗疫经验截至目前已有近个国家和地区的近名
黑龙江公布例省内新增确诊病例行程轨迹关注新冠肺炎年月日-时黑龙江省省内新增确诊病例例哈尔滨例本土无症状感染者转为确诊病例例其中有例是确诊病例陈某君男岁在哈医大一院住院期间同楼层同病区的住院患者有例为同期间住院患者陪护这例确诊病例都是
首部武汉新冠肺炎患者创作的手绘抗疫日记出版转发送书多次参与央视新闻共同战疫不间断直播的方舱手绘小姐姐黎婧出新书啦武汉日记方舱手绘小姐姐的抗疫画集即日由中国国际广播出版社正式出版这本首部由武汉新冠肺炎患者创作的手绘抗疫日记用漫画记录了抗疫历史中的这
仔细想想也挺搞笑的当时骂我们中国封城不人道的是美国现在又觉得我们新冠人数造假的也是他们所以他们从没有感觉封城和人数是有联系的吗前两年玩寒霜朋克觉得都世界末日了还人权抗议有点扯现在发现居然是真的
菲军人确诊菲律宾武装部队发言人称人确诊感染新冠肺炎据央视援引菲律宾媒体报道菲律宾武装部队发言人称截止当地时间日菲律宾武装部队有人确诊感染新冠肺炎其中人为军事人员人为家属人为文职人员燃新闻的秒拍视频
最近在上发贴说自己有首热单并且还了之前他在故事中发布了和新冠病毒🦠相关的图片马赛克掉了人物的头部有种被内涵到的感觉但是过了不久就删掉了现在和在上火热🔥你怎么看这事儿
菲军人确诊菲律宾武装部队发言人称人确诊感染新冠肺炎据央视援引菲律宾媒体报道菲律宾武装部队发言人称截止当地时间日菲律宾武装部队有人确诊感染新冠肺炎其中人为军事人员人为家属人为文职人员燃新闻的秒拍视频
最近在上发贴说自己有首热单并且还了之前他在故事中发布了和新冠病毒🦠相关的图片马赛克掉了人物的头部有种被内涵到的感觉但是过了不久就删掉了现在和在上火热🔥你怎么看这事儿
女子车祸住院后感染新冠去世肇事者被控谋杀每日邮报报道今年月日一名岁的女子-在英国伦敦北部遭遇车祸因重伤被送往医院月日她因感染新冠肺炎在医院去世肇事者是岁的男子本来两车只发生了轻微碰撞在受害者打电话报警时肇事者突然打了她的丈
美国医生怕带病毒回家住后院树屋想离孩子近些杰森·巴恩斯是美国得克萨斯州南部一个急诊科医生最近正在诊治新冠肺炎患者想到可能会把病毒带回家巴恩斯夫妇有些害怕为了避免传染给孩子们妻子詹娜原本建议巴恩斯去住酒店但他不想离家人们太远于是征用了后院里
全国区县疫情地图抗击新型肺炎我们在行动月日疫情分析传病例提示病毒未减弱又有两地区疫情风险提高现有病例反弹哈尔滨本土病例传播链条再延长美国累计确诊万世卫组织现有证据表明新冠病毒起源自动物更多内容见蔚蓝地图发布的文章微公益蔚蓝地图
巴西马瑙斯市挖掘大型坟墓埋葬尸体巴西新冠肺炎疫情蔓延亚马孙州一城挖掘大型坟墓埋葬尸体据美国有线电视新闻网月日报道巴西亚马孙州首府马瑙斯市内工作人员正在挖掘大型坟墓以便之后将一些棺材埋入其中报道称马瑙斯市市长阿瑟·维尔吉利奥·内托的办公室称受
疫情期间啥幺蛾子事都有有个发源于国外的谣言就非常搞笑说新冠病毒的传播是由基站造成的我们中国人听了肯定觉得好笑但国外确实很多人相信甚至在月初的时候英国一周内好多基站都被烧了由于纵火者搞不清基站的规格烧的大部分都是基站为什么会有这样的谣言呢这是因为有人做
他对这一套太熟悉了这词用的贴切足见其智商情商双高世事熟稔人情练达没能还是应了鲁迅的话没能用最坏的恶意揣测同胞自西至西:尽管张文宏医生最初露面的时候就说当新冠大幕落下我自然会非常走开结果他走开还是不够及时
默克尔要求中方尽可能在新冠问题上保持透明耿爽回应在月日的外交部例行记者会上有外媒记者问德国总理默克尔日前要求中方尽可能在新冠问题上尤其是早期新冠病毒暴发的源头及其相关信息上保持透明你对此有何评论耿爽回应默克尔新冠病毒相关言论发言人耿爽对此表示中方
严防疫情反弹高校陆续开学这些防控准备要做好返校途中如何正确防护开学后上课用餐又该注意啥周末还能出校改善伙食吗国家卫健委教育部日前联合印发大专院校新冠肺炎疫情防控技术方案马上开学的你快收下这份防控宝典↓防控新型冠状病毒肺炎新华视点图片来源健康中国
亿人将因疫情遭遇粮食危机别担心我国粮价不会大涨不要盲目囤粮月日世界粮食计划署表示由于新冠肺炎疫情扩散冲击全球经济年全球面临严重粮食危机的人口可能增至亿真糟心五分之一非洲人食物不足别担心我国粮价不会大涨没必要盲目囤粮实非明智之举更多↓
深交所发布关于对深圳华大基因股份有限公司的关注函你公司近期披露了你公司生产的新冠病毒核酸检测试剂盒在欧盟美国日本澳大利亚等多个国家或地区取得相关资质证明或获得销售许可的公告同时我部关注到你公司近期股价涨幅较大请说明你公司前述资质证明或销售许可的有效期限以及到期后
超话更新「의료진여러분덕분에대한민국은코로나위기를함께극복해나가고있습니다」의료진덕분에덕분에챌린지덕분에캠페인다음은동방신기유노윤호님존경의마음을전해주세요「感谢所有的医护人员与韩国一起共克新冠危机」感谢医护人
环球资讯越来越好了意大利呼吸机数量超过重症患者人数意大利新冠病毒应急委员会宣布日意大利现有重症监护病例例现有呼吸机台呼吸机数量超过重症患者人数完全能满足救治病人的需要但绝不能放松警惕央视新闻央视网的微博视频
文化大革命没有任何积极意义谈论文化大革命的积极意义相当于讨论汶川大地震的积极意义相当于讨论新冠疫情的积极意义没有积极意义这都是灾难区别只是文化大革命是人祸后两者是天灾而已不要去讨论灾难的积极意义那是对死者的亵渎
钟南山我赞成现在要复课了月日丨随着中国新冠肺炎疫情缓和多地初三高三都已经复课但是很多高校还没有复课中国教育部前天召开学校疫情防控专家报告视频会议中国工程院院士国家呼吸系统疾病临床医学研究中心主任钟南山在会上介绍了国际疫情防控的形势并表示我赞成现在要复课了
图解|重点场所新冠肺炎疫情防控技术指南之铁路客运篇详情请点击图解|重点场所新冠肺炎疫情防控技术指南之铁路客运篇
德国将禁止大型集会至月日后据纽约时报报道德国政府表示将禁止所有超过人的集会至月日目前柏林马拉松官方账号已在上发布消息宣布取消原定于九月下旬举行的比赛我们从年月日柏林联邦参议院的新闻发布会上了解到所有超过人的活动将被禁止到年
中国将首次为无失业保险农民工提供补助中国已承诺向数百万因新冠疫情失去收入之前未纳入社会保障体系的农民工提供福利支持中国国务院周二宣布未参加失业保险的农民工将首次能够申请低保并宣布将保障范围扩大至其他未被政府保险计划覆盖的人群中国国务院表示将鼓励政府支持的重大项
俄罗斯新增新冠肺炎例俄罗斯和土耳其以及英国这三个国家现阶段的疫情发展是最不可控状态的微博投票
梳起长发穿上医护装瑞典王妃加入抗疫前线月日外媒报道称瑞典索菲亚王妃加入抗击新冠病毒一线工作她暂时放下皇室工作在一家医院做医疗助理主要负责消毒设备清洁和在厨房帮忙在加入瑞典皇室前她曾从事模特工作年她与菲利普王子成婚婚后二人育有两个孩子
意大利研究者在空气颗粒物上检出新冠这项研究表明新冠病毒可以存在于室外空气中的颗粒物上在大气稳定且高浓度的环境下新冠意大利研究者在空气颗粒物上检出新冠来自财新客户端
微预警陕西省学校突发公共卫生事件年第号预警随着新冠肺炎疫情防控形势的逐渐好转学校相继复课手足口病等传染性事件已进入多发时段为进一步加强全省学校疾病防控工作减少学校突发公共卫生事件根据健康陕西突发公共卫生事件风险评估通报当前全省各级各类学校应特别关注新冠
感谢一路有你陪我走过最黑暗的时刻黎明终究到来了新冠病毒患者住院天的独白赛茜的微博视频
法国岁男童确诊后接触人无一感染他被英国首批感染者所传染据镜报月日报道法国一名岁男童在确诊感染新冠肺炎后接触了上百名学生但他接触过的人经过检测全都没有感染新冠病毒对此法国公共卫生部门的流行病学家科斯塔斯·丹尼斯认为儿童通常只有轻微的症状他们传播病
日本医疗系统正在崩溃日本家医院一枚口罩用天以上呼吸机不够用日本医疗资源告急医院内感染难杜绝新冠疫情在日本愈演愈烈一个由医师组成的日本民间机构进行了网络调查结果显示近半数的受访医疗机构一枚口罩需要用多天其中家医院一枚口罩要用四天以上因为担心发生感染
加州补报新冠病例将美国本土首例死亡时间一下子前移了三周美国首例新冠肺炎死亡时间前移周据美国加利福尼亚州圣克拉拉县政府公共卫生部门当地时间月日通报在当地名新增早期新冠肺炎死亡病例中一人的死亡时间为今年月日该数据表明美国的首例新冠肺炎死亡发生时间至少比此前认为查看图片
防抗新型冠状病毒感染的肺炎福建八闽健康码已亮码通行超过万人次月日下午福建省政府新闻办召开福建省新冠肺炎疫情联防联控工作第二十场新闻发布会省民政厅副厅长赵荣生介绍随着全省各地陆续复工复产和境外输入疫情的影响强化社区防控服务推进网格化管理做好困难群众的
美国德州一名每天要照顾新冠肺炎确诊病人的医生因担心回家后会把病毒传染给家人想出爬到家中后园本来建给孩子玩耍的树屋上作临时居所实行自我隔离天下之事深圳小天超话
两位因新冠肺炎脸色发黑的医生怎样了两位感染新冠病毒的武汉大夫易凡和胡卫峰经过两个多月的治疗终于被救回却脸色发黑引发各界关注两位医生状态如何什么时候可以出院他们体内受损的状况如何会不会有后遗症近日他们的主治医生武汉同济医院重症医学科主任李树生做客新闻
|牛津大学新冠疫苗项目将进行人体试验政府拨款两千万将于日进行当地时间周二英国卫生大臣汉考克在每日的疫情新闻发布会上表示首批应对新冠肺炎疫苗将于周四开展人体试验除此之外政府将拨款万英镑帮助研究团队更好进行疫苗研究尽可能达到九月份前生产一百万剂疫苗的目标
对比国内家龙头企业财报后我们得出了这个结论巴黎非饮用自来水中检测到新冠病毒总的来说国内行业成长前景清晰目前已形成一超多强的局面其中药明康德营收规模过亿元业务涵盖了从药物发现临床前研发临床研发到生产的新药研发全产业链一骑绝尘
联合国国际农业发展基金新任亲善大使英国著名演员制片人和人道主义者伊德瑞斯·艾尔巴和妻子萨布丽娜·艾尔巴近日发起了一个新的抗击-新型冠状病毒的救助基金以防止大流行造成的经济冲击引发全球饥饿和粮食危机这个名为冠状病毒病农村贫
新冠患者肤色可能变黑北京卫视生命缘栏目日前报道武汉市中心医院易凡胡卫锋两名医生作为新冠肺炎重症患者在两个多月的治疗后转危为安然而其发黑的肤色让人为之心痛对此有报道称新冠肺炎重症患者肤色变黑主要因为肝脏受损肝脏对铁铜的代谢和储存有所帮助但由于新冠病毒
世卫组织运送新冠病毒样本车辆在缅甸若开邦遇袭司机身亡联合国予以强烈谴责联合国秘书长古特雷斯月日通过发言人发表声明强烈谴责月日在缅甸超话若开邦发生的袭击世界卫生组织运输冠状病毒监测样本车辆的事件在这次事件中驾驶带有世卫组织明显标志车辆的司机遇袭身
外交部提醒海外中国公民避免跨境流动滨海微提示新冠肺炎疫情在全球持续蔓延外交部郑重提醒中国公民要充分评估当前国际旅行所带来的交叉感染滞留国外等严重风险在国内的中国公民暂勿出国旅行在国外的避免跨境流动海外中国公民如遇紧急情况可联系中国驻当地使领馆寻求领
致敬疫情前线医护人员天色已暗东京驹泽奥林匹克公园的奥林匹克纪念碑亮起了蓝色旨为向抗击全球性爆发的新冠肺炎而工作在疫情前线的医护人员致敬每晚:开始亮灯至月日截止
香港今增宗确诊连续日无本地个案香港疫情日报香港卫生署及医院管理局今日日下午就新冠病毒疫情最新情况举行简报会卫生署卫生防护中心传染病处主任张竹君表示本港今日新增宗确诊个案患者均由英国返港累计确诊个案增至宗本港连续日没有新增新冠病毒本地个案
今天第天吧～完了日子过糊涂了新冠疫苗志愿者武汉解封武汉加油执着着我的执着的微博视频
瑞典死亡病例新增例公共卫生局首都人口将被感染月日瑞典死亡病例新增例瑞典是唯一一个未实施封锁政策的欧盟国家当局要求民众对自己的行为负责自觉遵守社交距离等规定温和的抗疫方式引争议瑞典公共卫生局最近研究预测至月日首都人口将被感染
香港今增宗确诊连续日无本地个案香港卫生署及医院管理局今日日下午就新冠病毒疫情最新情况举行简报会卫生署卫生防护中心传染病处主任张竹君表示本港今日新增宗确诊个案患者均由英国返港累计确诊个案增至宗本港连续日没有新增新冠病毒本地个案关注新冠肺炎香港局势
农业部长应对新冠肺炎特别会议声明将避免采取任何可能导致国际市场粮食价格过度波动的不合理限制措施二十国集团农业部长应对新冠肺炎特别会议声明我们将避免采取任何可能导致国际市场粮食价格过度波动的不合理限制措施以免威胁世界很大一部分人口特别是处于低粮食安全水平环境中的最弱
美国复工抗议集会被特朗普支持者利用美国宾夕法尼亚州上千人抗议集会要求复工没想到大量特朗普支持者混在人群当中给特朗普做宣传民间实拍美国新冠肺炎累计确诊超过万月亮湖视频的微博视频
美国夫妇同时感染新冠进女儿被迫二选一:失去谁都像世界少了一半近日美国女子格里芬的父母因新冠双双住院且病情恶化很快住进了在一家人感到绝望时父母的主治医生称实验性的恢复期血浆治疗可能会帮到他们但由于目前血浆不够且该疗法还在实验期只能选择一人进行治疗最终格
人们开始在家中死亡巴西一市挖掘万人坑埋葬感染者遗体据美国有线电视新闻网月日报道巴西亚马孙州首府马瑙斯市内工作人员正在挖掘万人坑以便之后将一些棺材埋入其中报道称马瑙斯市市长阿瑟·维尔吉利奥·内托的办公室称受新冠病毒影响该市每天有
外交部美国少数政客请不要再散布政治病毒了月日外交部发言人耿爽表示美国少数政客为了推卸自身抗疫不力的责任罔顾事实诋毁抹黑中方大搞政治操弄在本应团结抗疫的紧要关头干扰中美合作这种行径不得人心也无益于控制美国国内疫情大家在全力抗击新冠病毒的时候请不要再散布
紧急寻人一无症状感染者曾乘火车途经山东站万众一心打赢疫情防控阻击战众志成城抗击疫情月日湖北省麻城市新冠肺炎疫情防控指挥部发布关于寻找无症状感染者密切接触人员的通告急寻乘坐次列车号车厢的乘客据悉次列车在山东停靠菏泽梁山
美国养老院成新冠疫情重灾区美疾控中心称冬天疫情或将更严重目前美国共有约万老人常住在养老院自新冠疫情在美国爆发以来养老院一直是人们关注的焦点由于检测量不足医疗设备缺乏这个聚集着高风险人群的场所成为了新冠肺炎疫情的重灾区近期发布的一项报告显示养老院病例数
外媒巴西总统强推解封或遭抵制外媒称在解除卫生部长职务天后巴西总统博索纳罗当地时间周一表示他希望本周在全国范围内结束隔离措施或遭到许多州的抵制在博索纳罗撤换卫生部长曼代塔后多位州长和市长表示他们正在考虑采取更严格的隔离措施以遏制新冠病毒传播目前巴西
我在春天等你期|奋斗青春脚步不停各地毕业班复学受新冠肺炎疫情影响今年全国春季学期延期开学近亿中小学生开启了停课不停学的网课生活随着全国疫情形势变好开学复课陆续提上日程本期我在春天等你带您感受校园气息我在春天等你期|奋斗青春脚步不停各地毕业班复学
希腊难民安置酒店暴发疫情人确诊小镇被紧急封锁月日希腊伯罗奔尼撒半岛一小镇上的难民安置酒店内有人确诊新冠肺炎感染者包括名难民和名酒店工作人员他们都是无症状感染者当地小镇已开始实行宵禁和更严格的封锁措施这是希腊境内第处出现疫情的难民和移民设施
十二疫汉如果不是因为新冠肺炎疫情从阿根廷漂洋过海来到葡萄牙的小伙尼古拉斯·塞罗蒂原本可以继续追逐自己的足球梦想尽管他从一开始就被无良经纪人骗着加盟了葡萄牙一家濒临破产的俱乐部如今他被丢弃到一家葡萄牙的第四级别联赛在葡萄牙东北部毗邻西班牙边境的小镇上和另
欧洲新冠肺炎病例进展截至巴黎时间月日时欧洲地区累计报告新冠状病毒感染病例例相比日时新增例其中俄罗斯新增例西班牙新增例此外美国累计确诊例近距离看欧洲全球疫情注本着尽最大可能统计所有新冠状病毒感染确诊病例数的原则自
纽约急诊室惨烈实况名医护抢救男子月日美国纽约州一医院急诊室主任向美联社记者表示仅在其当值时就宣布人死亡自己从医多年从未见过如此景象目前该院已有超名职工感染新冠肺炎纽约急诊室惨烈实况名医护抢救男子澎湃新闻的微博视频
累计确诊超万特朗普做了个决定当地时间日白宫举行新冠肺炎疫情新闻发布会美国华盛顿邮报报道称美国总统特朗普在会上宣布美国未来天内暂停接收移民报道称这一行政令只适用于申请绿卡者有效期为天但不影响持非移民签证的临时劳工入境美国华盛顿邮报称这是一
欧盟欲推万亿欧元经济援助方案欧盟委员会官员近日表示将在本周欧盟峰会上商讨新增万亿欧元经济援助以缓解新冠肺炎疫情对经济的冲击欧盟经济事务专员真蒂洛尼日接受德国媒体采访时称欧盟可能需要提供价值约万亿欧元的援助欧元集团现在提出了价值超过亿欧元的援助议案以
西塘古镇景区时刻不松懈为切实做好新冠肺炎疫情境外输入和无症状病例防控工作保障古镇景区安全有序自古镇景区开放以来西塘镇通过调整开放时间实行客流限制启用游览预约入园体温检测等方式既全面鼓励景区复工复产复市推动旅游产业发展又严格落实防疫责任守好景区小门筑牢安全防
外媒津巴布韦暴发疟疾疫情卫生系统雪上加霜非洲国家津巴布韦暴发了新一轮的疟疾疫情已有至少人因此丧生这对于竭力应对新冠疫情的津巴布韦来说无疑是雪上加霜据英国卫报报道津巴布韦卫生部表示全国有处传染病暴发点该报得到的一份报告显示津巴布韦全国现有疟疾确诊病查看图片
耿爽回应美密苏里州起诉中国纯属恶意滥诉十分荒谬外交部回应密苏里州因疫情起诉中国据外媒报道美国密苏里州周二宣布起诉中国宣称中国的疫情应对使该州蒙受巨大经济损失对此中国外交部发言人耿爽在日外交部例行记者会上表示这种所谓的控告毫无事实和法律依据十分荒谬耿
微预警陕西省学校突发公共卫生事件年第号预警随着新冠肺炎疫情防控形势的逐渐好转学校相继复课手足口病等传染性事件已进入多发时段为进一步加强全省学校疾病防控工作减少学校突发公共卫生事件根据健康陕西突发公共卫生事件风险评估通报当前全省各级各类学校应特别关注新冠
两位因新冠肺炎脸色发黑的医生怎样了两位感染新冠病毒的武汉大夫易凡和胡卫峰经过两个多月的治疗终于被救回却脸色发黑引发各界关注两位医生状态如何什么时候可以出院他们体内受损的状况如何会不会有后遗症近日他们的主治医生武汉同济医院重症医学科主任李树生做客新闻
全球抗疫第一线美国西班牙意大利累计确诊超万例一图了解新冠肺炎世界疫情形势
伊朗新增例确诊病例新增死亡病例连续第天低于例据沙特中东时报报道伊朗卫生部日通报称该国新增例新冠肺炎确诊病例累计确诊例新增死亡例累计死亡例这也是该国单日新增死亡病例连续第九天低于例
海外疫情停泊日本长崎的意大利船籍邮轮又有人被确诊感染停泊长崎意大利邮轮人确诊据日本广播协会电视台日报道停泊在日本长崎的意大利船籍邮轮歌诗达大西洋号又有人被确诊感染新冠病毒这艘邮轮没有乘客共有名船员电视台日报道说歌诗达大西洋号有一
巴萨出售诺坎普冠名权巴萨俱乐部决定出售诺坎普球场的冠名权冠名费将用于新冠肺炎的治疗和研究欧洲最大的体育场诺坎普自年开始使用以来从未出售过冠名权根据巴萨的方案诺坎普将保留赞助商把名字加在诺坎普之后巴塞原计划从-赛季出售冠名权预期签下一份年
院士答疑注射疫苗就能不被感染吗新冠病毒是否变异变异了咋办中国工程院院士王军志介绍目前暂未发现产生病毒变异影响疫苗的情况一旦发生该情况将重启新的技术路线给疫苗换零件小央视频的秒拍视频
韩国防疫部门近成新冠病毒治愈病例体内存有病毒韩联社月日报道在一份试验结果中显示感染新冠病毒治愈后体内产生抗体的病例中有一半人体内仍残留病毒中央防疫对策本部本部长郑银敬表示在例行记者会上表示防疫部门推测病例体内产生中和抗体后仍不能完全消除病毒但病毒残留在
墨西哥总统回应贩毒集团给穷人送物资没用你们不如不犯罪新冠疫情暴发后不少民众生活陷入困顿贩毒团队开始向民众分发食物等物资墨西哥总统表示我看到他们在分发食物不过这个毫无帮助我们正在全力对抗新冠肺炎但是不幸的是我们还要分出精力来对付谋杀案新京报我们视频
墨西哥总统回应贩毒集团给穷人送物资没用你们不如不犯罪新冠疫情暴发后不少民众生活陷入困顿贩毒团队开始向民众分发食物等物资墨西哥总统表示我看到他们在分发食物不过这个毫无帮助我们正在全力对抗新冠肺炎但是不幸的是我们还要分出精力来对付谋杀案新京报我们视频
捷豹路虎解雇万名员工疫情重压捷豹路虎全球裁员一半万人下岗失业据外媒报道受新冠疫情影响捷豹路虎将暂时解雇万名员工占其全球员工总数据悉除了裁员之外捷豹路虎还采取了减薪措施其管理团队还将在未来的个月开始减薪疫情重压捷豹路虎全球裁员一半万人下岗失业
时尚战疫过去的一两个月-新冠肺炎全球大流行时尚行业受到的影响是全方位的店铺关闭消费低迷生产停滞不前供应链不畅面对空前的困难大家不仅要积极抗疫防疫还要加紧做出改变以应对疫情过后可能出现的不确定局面因此改变势在必行正如美国版主编
解药|争议不止诺华开展羟氯喹抗新冠疗效验证随机双盲对照试验纳入名患者多项研究认为药物使用为时尚早对疗效和副作用都提出警示截至目前全球已有超过项相关试验评估氯喹和羟氯喹的新冠疗效但还未有严谨科学的结论证明两类药物对新冠患者具备安全性和疗效
桃花源记现实版意大利夫妇驾船环游世界靠岸时才发现疫情改变世界据月日报道意大利一对夫妇近日在海上航行天后想靠岸登陆时被告知岛屿关闭才发现世界正在因新冠疫情而改变报道称年和决定辞掉工作买一艘船去环游世界在海上航行天后
武昌工学院超话阿工有话说直播湖北通报疫情防控最新进展今天湖北省政府新闻办公室召开新冠肺炎疫情防控工作新闻发布会介绍工会组织助力统筹推进疫情防控和复工复产情况并回答记者提问关注直播总台央视记者王伟超央视新闻的微博视频
美国参议院再批准亿美元救助金计划此前部分救助金已告罄月日美国参议院批准约亿美元新冠疫情救助金计划其中包括向受疫情影响的小企业提供亿美元资金为医院和医疗保健提供者资助亿美元资金还将提供亿美元促进和扩大新冠病毒检测据悉参议院以口头表决方式通过法
疫情亮红灯特朗普为何此时要拿绿卡开刀月日特朗普宣布计划于次日签署一项持续天的赴美移民冻结令但仅针对永久居留即绿卡的寻求者他称此举是为了保护因新冠疫情失业的美国人防止外来劳动力抢工作特朗普早在年竞选总统时就大打反移民牌上任以来也一直竭力推动更
张继科复出了还赢了全国冠军许久未亮相赛场的张继科近日复出了在新冠肺炎疫情的影响下全球体育赛事停摆于是岁的乒乓球大满贯得主张继科与岁的年全国乒乓球锦标赛男单冠军侯英超展开了一场云端的攻削大战最终张继科以比获得了比赛的胜利张继科复出了还赢了全国冠军
新闻病毒早入侵美国全美月初现首例新冠肺炎死亡病例据美联社报道加利福尼亚州萨克拉曼多卫生官员表示在美国首次报道第一例新冠肺炎死亡病例的几周前加州就已经有两人死于新冠病毒圣克拉拉县官员日说这两人分别于月日和月日在家中死亡据报道美国首次报道新冠肺炎死
世卫组织辟谣新冠病毒起源自实验室颜小江说法互联网不是法外之地恶意编造传播谣言会触犯哪些法律红线检察官小姐姐提示互联网不是法外之地不造谣不信谣不传谣沿江检察的微博视频
巴萨超话欧洲最大的足球场诺坎普将在下赛季第一次被冠名诺坎普翻译过来就是新球场的意思如今他将为抗击新冠病毒做出自己的贡献巴萨昨晚宣布将下赛季冠名巴萨主场诺坎普费用给予巴萨基金会筹集资金用于加泰地区以及世界各地开展研究以应对新冠疫情巴萨发言人表示诺坎普冠名对
华中科技大学附属协和医院发热门诊团队荣获团中央最高荣誉第届中国青年五四奖章集体在抗疫新冠疫情的战场上我们团队名医护人员其中岁以下青年名连续天共计接诊各类发热患者人次咽拭采样人次抢救急危重症名紧急心肺复苏人次呼吸机救治余人
新闻病毒早入侵美国全美月初现首例新冠肺炎死亡病例据美联社报道加利福尼亚州萨克拉曼多卫生官员表示在美国首次报道第一例新冠肺炎死亡病例的几周前加州就已经有两人死于新冠病毒圣克拉拉县官员日说这两人分别于月日和月日在家中死亡据报道美国首次报道新冠肺炎死
外交部回应加拿大防疫物资飞机空机返回相关报道不准确据外媒报道加拿大总理特鲁多日表示加拿大两架运送医疗物资飞机空机返回引发外界关注中国外交部发言人耿爽在日的例行记者会上回应此事时表示外媒相关报道不准确耿爽表示新冠肺炎疫情发生以来中加双方相互支持相互
再不开学宿舍的现状小时候我们中国小孩纸应该都听麻麻讲过一个童话故事老鼠娶亲对不对聚焦新冠肺炎疫情抗疫行动开学季
急寻这趟列车经停亳州发现无症状感染者亳州战疫月日湖北省麻城市新冠肺炎疫情防控指挥部发布关于寻找无症状感染者密切接触人员的通告通告指出感染者陶某男岁武汉市新洲区徐古镇人月日在武汉市新洲区徐古镇卫生院进行新冠肺炎核酸检测未待出结
沙特王室至少人确诊新冠心狠手辣的王储竟然趁此机会开始大清洗绑架公主逮捕王子报复美国富商为了顺利继承王位一场腥风血雨的宫斗又开始了
云艺考带火视频录制服务考生顺应变化积极备考受新冠肺炎疫情影响各大艺术类院线纷纷调整年艺考方案表演播音主持等部分专业的初试方式调整为考生录制视频线上提交学校进行远程‘云筛选’这让不少艺考培训机构看到了考生们录制视频的新需求不少艺考生在谈及前来录制视
钟南山院士香港专访祖国反黑站超话方方美国新冠病毒感染病例超过万钟南山说我们挺过来了阿中哥哥反黑站的微博视频
华大基因收深交所关注函说明新冠病毒检测试剂盒在欧美等市场的销量占有率等情况月日深交所对华大基因发关注函要求说明公司的新冠病毒核酸检测试剂盒在欧盟美国等国家和地区销售资质证明或销售许可的有效期限以及到期后是否存在不能续期的风险结合公司在手订单产能以及国内外
报告高使用率高有效率的中西医结合方案是中国抗疫临床治疗的一大特色月日发布的抗击新冠肺炎疫情的中国实践报告中提到在疫情期间全国和湖北全省新冠肺炎确诊病例中中医药使用率和总有效率都超过临床疗效观察显示中医药能有效缓解症状减少轻型普通型向重型发展提高治
教授动静第回为了让世界早日回到日常生活中本次主要提及新冠对坂本龙一超话坂本龙一行程的影响其中提到了北京尤伦斯主办的良乐直播网络数据传输差距真是很明显教授给的影像我们用个小时可以传完教授需要用个小时让帮忙拍摄时特意让摄影师对准了武汉制造
发布了头条文章新冠肺炎治愈出院的中国夫妇向意大利表示感谢新冠肺炎治愈出院的中国夫妇向意大利表示感谢
美國密蘇里州急甩鍋竟起訴中國美網友疫情失控在於美國政府隨著今年美國大選日的臨近以及疫情失控導致美國經濟近乎停滯美國兩黨從政府國會到地方不斷炒作中國議題試圖轉移自身抗疫不力的失職問題為日益臨近的大選掃清障礙據報道月日美國密蘇里州對中國提起訴
南阳市高一高二开学时间严重不合理一些一线城市开学的不知道您在这儿舞啥呢南阳能跟你们比吗没有预告直接开学五天时间不说网课口罩什么的都难搞更别说有些贫困家庭了开学不是直接给新冠送人头有些事只要不发生到自己身上永远不知道什么叫做感同身受
京视频外交部评价马云向外国捐赠抗疫物资中国善举是投桃报李的传统美德外交部发言人耿爽表示马云先生的话很直接也很坦率在大灾大难面前自私仇恨攻讦从来不是正确的选择良知互助感恩才是强大的力量新冠肺炎疫情发生以来国际社会给予中方真诚帮助和大力的支持对此我们铭
每经整点播每经点丨明后两年购置的新能源汽车免征车辆购置税加州补报新冠病例将美国本土首例死亡时间一下子前移了三周至年新能源车免征购置税财政部公告称自年月日至年月日对购置的新能源汽车免征车辆购置税免征车辆购置税的新能源汽车是指纯电动汽
济宁身边事紧急寻人一无症状感染者曾乘火车途经山东站月日湖北省麻城市新冠肺炎疫情防控指挥部发布关于寻找无症状感染者密切接触人员的通告急寻乘坐次列车号车厢的乘客据悉次列车在山东停靠菏泽梁山聊城站↓↓↓麻城市寻找无症状感染者密切接触
世卫组织警告最糟糕的时刻即将到来世界卫生组织总干事谭德塞日在日内瓦的新闻发布会上说缺乏团结正在助长新冠疫情的流行最糟糕的时刻即将到来他表示新冠病毒非常危险他利用了人与人之间政党与政党之间国家与国家之间的分歧他呼吁不要把这种病毒作为相互对抗或赢得政治得分
张文宏称开展全民筛查核酸不可行假设新冠核酸检测很可靠实际上并非如此真新冠病人只会有个漏诊-----即有病被看做没病没新冠的病人只有个误诊-----即没病被看做有病新冠感染高峰期个人里有个万人参与检验已知人有感染故÷×=人被漏诊人被
美国前总统夫人米歇尔·奥巴马给因疫情困在家中的孩子们读童书据纽约时报美国前总统夫人米歇尔·奥巴马近日与美国企鹅小读者以及兰登书屋儿童读物合作推出一档持续四周的节目与米歇尔·奥巴马共度周一在节目中米歇尔·奥巴马将与因新冠疫情而困守的上百万美国家庭分享她喜爱的童
外媒意大利现有病例数首次下降本周宣布解封计划外媒称意大利当局说自该国新冠肺炎疫情暴发以来经官方确认的现有感染者人数首次出现下降当局称相关数据极其鼓舞人心意大利尚未走出困境但它正走在正确道路上而且它现在感到所做的牺牲正在赢得回报此外意大利总理朱
秒看特朗普次出尔反尔我没说过美国媒体总结疫情期间特朗普多次出尔反尔推翻自己的言论最短仅有一天他曾说新冠肺炎像流感说病毒月会消失说不需要-万台呼吸机在被记者质问时他通常的回答是我没说过美国新冠病毒感染病例超过万时差视频的微博视频
深圳首次公布师生感染者数据教师感染者人学生人据南方网消息月日上午深圳市政府召开深圳疫情防控工作新闻发布会首次公布了深圳此前报告的新冠肺炎病例中师生占比数据下周深圳初三高三师生将正式返校深圳要求对学校校医食堂从业人员宿管人员等重点岗位以及与学生密
菲总统杜特尔特成功研发新冠肺炎疫苗者奖万元月日据报道菲律宾总统杜特尔特表示将在新冠肺炎疫苗研发上投入更多资金并承诺奖励研发出疫苗者万元杜特尔特表示只有在新冠肺炎抗体疗法准备好广泛使用后才会取消隔离措施他说这种治疗法最早或在五月上市世界地球日
美国男子称不怕病毒要自由后感染新冠去世美国男子发帖不怕病毒要自由个月后因新冠去世月日美国俄亥俄州男子约翰发文称有人有勇气站出来说新冠病毒是一场政治阴谋吗有人能证明我说错了吗两天后他又发帖称如果你怕得病那就不要出门月日在发帖一个月后约翰因新
盖茨基金会等多机构疑遭黑客攻击近万邮箱泄露据外媒报道负责监视网络极端主义和恐怖组织的情报集团表示未知激进分子在互联网上发布了将近个电子邮件地址和密码据称这些信息属于美国国立卫生研究院世界卫生组织世界银行盖茨基金会等致力于抗击新冠疫情的机构和组织
昨天救武汉今天救世界天前雷神山医院完成使命正式休舱今天雷神山医院的英雄们来到了更大的全球抗疫战场由阿里巴巴公益基金会和马云公益基金会发起的全球新冠肺炎实战共享平台向津巴布韦多名医生直播分享一线抗疫经验截至目前已有近个国家和地区的近名
黑龙江公布例省内新增确诊病例行程轨迹关注新冠肺炎年月日-时黑龙江省省内新增确诊病例例哈尔滨例本土无症状感染者转为确诊病例例其中有例是确诊病例陈某君男岁在哈医大一院住院期间同楼层同病区的住院患者有例为同期间住院患者陪护这例确诊病例都是
首部武汉新冠肺炎患者创作的手绘抗疫日记出版转发送书多次参与央视新闻共同战疫不间断直播的方舱手绘小姐姐黎婧出新书啦武汉日记方舱手绘小姐姐的抗疫画集即日由中国国际广播出版社正式出版这本首部由武汉新冠肺炎患者创作的手绘抗疫日记用漫画记录了抗疫历史中的这
仔细想想也挺搞笑的当时骂我们中国封城不人道的是美国现在又觉得我们新冠人数造假的也是他们所以他们从没有感觉封城和人数是有联系的吗前两年玩寒霜朋克觉得都世界末日了还人权抗议有点扯现在发现居然是真的
外交部中方愿同其他常任理事国就举行安理会五常峰会保持沟通在月日外交部例行记者会上发言人耿爽就塔斯社记者关于联合国安理会五常峰会的问题回答称当前新冠肺炎疫情在全球扩散蔓延中方对有利于推动国际团结推动合作抗疫的倡议都持积极态度关于举行安理会五常峰会包括视频峰
聊点科技美国科学日报新冠病毒是自然产物月日美国斯克里普斯研究所发布研究证明对来自--和相关病毒的公共基因组序列数据进行的分析发现没有证据表明该病毒是在实验室中制造或以其他方式设计的根据发表的研究结果去年在中国武汉市出现的新型--冠状病毒是自然
殡仪馆爆满美国女子哭诉无人接收丈夫遗体据纽约邮报报道纽约一名男子疑感染新冠肺炎去世妻子想要将他的遗体送到殡仪馆冷藏时却被告知有可能要等多达天只好找来冰块冰冻丈夫遗体她哭诉道纽约市长你怎么可以这样你怎么能让我们不得不面对这些封面新闻的微博视频
纪小槌说法视频短片丨上班时感染新冠病毒算工伤吗秒普及疫情防控中的个法律问题北京一中院青流视频的秒拍视频
菲军人确诊菲律宾武装部队发言人称人确诊感染新冠肺炎据央视援引菲律宾媒体报道菲律宾武装部队发言人称截止当地时间日菲律宾武装部队有人确诊感染新冠肺炎其中人为军事人员人为家属人为文职人员燃新闻的秒拍视频
最近在上发贴说自己有首热单并且还了之前他在故事中发布了和新冠病毒🦠相关的图片马赛克掉了人物的头部有种被内涵到的感觉但是过了不久就删掉了现在和在上火热🔥你怎么看这事儿
女子车祸住院后感染新冠去世肇事者被控谋杀每日邮报报道今年月日一名岁的女子-在英国伦敦北部遭遇车祸因重伤被送往医院月日她因感染新冠肺炎在医院去世肇事者是岁的男子本来两车只发生了轻微碰撞在受害者打电话报警时肇事者突然打了她的丈
美国医生怕带病毒回家住后院树屋想离孩子近些杰森·巴恩斯是美国得克萨斯州南部一个急诊科医生最近正在诊治新冠肺炎患者想到可能会把病毒带回家巴恩斯夫妇有些害怕为了避免传染给孩子们妻子詹娜原本建议巴恩斯去住酒店但他不想离家人们太远于是征用了后院里
外媒意大利现有病例数首次下降本周宣布解封计划外媒称意大利当局说自该国新冠肺炎疫情暴发以来经官方确认的现有感染者人数首次出现下降当局称相关数据极其鼓舞人心意大利尚未走出困境但它正走在正确道路上而且它现在感到所做的牺牲正在赢得回报此外意大利总理朱
哈尔滨卫健委首次披露哈尔滨二院自查院感事件原因关注新冠肺炎哈尔滨市第二医院发生院内感染后是否梳理出导致感染的原因哈尔滨市卫健委副主任柯云楠在接受采访时表示院感发生后国家卫健委哈尔滨市卫健委以及医院分别进行了调查和自查初步分析导致院内感染的第一个因素是确诊患
小哥海滩晒太阳被警车包围小哥月日媒体分享意大利的警方通过无人机和警车包抄一位在海滩晒太阳的男子的视频媒体称警方分享该视频是想展示他们如何维护封锁规定但民众表示视频显示这么大海滩就男子一人是遵守社交距离的模范聚焦新冠肺炎疫情
云艺考带火视频录制服务考生顺应变化积极备考受新冠肺炎疫情影响各大艺术类院线纷纷调整年艺考方案表演播音主持等部分专业的初试方式调整为考生录制视频线上提交学校进行远程‘云筛选’这让不少艺考培训机构看到了考生们录制视频的新需求不少艺考生在谈及前来录制视
一无症状感染者途经山东站一无症状感染者曾乘火车途经山东站乘坐次列车号车厢月日湖北省麻城市新冠肺炎疫情防控指挥部发布关于寻找无症状感染者密切接触人员的通告急寻乘坐次列车号车厢的乘客据悉次列车在山东停靠菏泽梁山聊城站据悉感染者陶某
博物馆关上了门又打开了窗因为新冠肺炎疫情闭馆多天之后故宫博物院的大门再次对游客敞开了只是隔着屏幕月日至月日一场名为安静的故宫春日的美好的网络直播活动被称为故宫年来的直播首秀疫情期间国内文博单位大都采取了闭馆措施疫情凸显了线上平台的重要性
法国戴高乐号航母人确诊近半数感染如何染上病毒至今仍是一个谜法国戴高乐号航母战斗群中目前已有名舰员被检测出新冠病毒阳性几乎占到了该航母战斗群总人数的一半而该航母战斗群总共只有名舰员这艘法军唯一航母上的疫情也要比美国罗斯福号航母严重得多在戴高
美国个州宣布重启经济美国三个州宣布放宽防疫措施重启经济美国地区处于封锁状态美国南卡罗莱纳州佐治亚州和田纳西州相继宣布将重启经济放松新冠病毒疫情的控制措施据英国每日邮报日报道佐治亚州州长称一些企业最早将于日复工而田纳西州政府称企业可以在下周复工报道
最新瓦加瓦加市撤销关于终止与昆明市友城关系的决定月日记者获悉新南威尔士州瓦加瓦加市议会通过决议决定撤销此前终止瓦加瓦加市与中国云南省昆明市友好城市关系的错误决定中国驻悉尼总领馆对此表示欢迎和赞赏自年昆明市与瓦加瓦加市建立友城关系以来两地各领域交流合作
欧洲新冠肺炎死亡病例超过万据法新社报道截至日格林尼治标准时间时分欧洲的新冠肺炎死亡病例数已超过万另据的实时统计数据欧洲累计确诊新冠肺炎病例超过万人民日报海外版-海外网
美国体育业面临巨额损失根据美国一家公司进行的民意检测的美国体育迷认为如果没有有效的新冠病毒疫苗观看体育比赛是不安全的也就是说即使几周或几个月之内这些体育迷可以进入运动场他们很可能也并不会去这样一来没有了门票特许权和商品收入的相关俱乐部将会面临严重的财务
全球抗疫第一线美国西班牙意大利累计确诊超万例一图了解新冠肺炎世界疫情形势央视新闻
金微神秘的高福如果说此前人们一直将注意力放在病毒所带来的风险上但是新冠疫情人们看到的是专家误导造成的风险同样可怕网页链接
致敬疫情前线医护人员天色已暗东京驹泽奥林匹克公园的奥林匹克纪念碑亮起了蓝色旨为向抗击全球性爆发的新冠肺炎而工作在疫情前线的医护人员致敬每晚:开始亮灯至月日截止
寻找抗疫平民英雄不能上一线就做幕后英雄上海女医生两个月义诊答疑余万字新冠肺炎疫情之下线上问诊需求暴增成为疫情防控的第二战场上海医生周雪在丈夫驰援武汉一线后加入线上义诊仅两个月就帮助了多个病人答疑近万条转发致敬央视网快看的微博视频
桂林爆料广西籍留美学生被确诊为无症状感染者月日浙江省卫生健康委员会通报此前经杭州海关所属杭州萧山机场海关采样检测新型冠状病毒核酸阳性的旅客陈某被确诊为新冠病毒无症状感染者该名无症状感染者系广西籍留美学生从纽约返回新增无症状感染者陈某女美国留学生广西
西昌泸山景区暂停开放正开展安全隐患排查处置工作关注新冠肺炎西昌市邛海泸山风景名胜区管理局月日发布通告称目前泸山游览区正开展安全隐患排查处置工作为确保游客人身安全根据西昌市关于从严从实加强森林草原防火工作的公告的要求泸山景区自本通告发布之日起全面暂停对
希腊难民安置酒店暴发疫情人确诊小镇被紧急封锁月日希腊伯罗奔尼撒半岛一小镇上的难民安置酒店内有人确诊新冠肺炎感染者包括名难民和名酒店工作人员他们都是无症状感染者当地小镇已开始实行宵禁和更严格的封锁措施这是希腊境内第处出现疫情的难民和移民设施
沙特王室至少人确诊新冠心狠手辣的王储竟然趁此机会开始大清洗绑架公主逮捕王子报复美国富商为了顺利继承王位一场腥风血雨的宫斗又开始了
沙特王室至少人确诊新冠心狠手辣的王储竟然趁此机会开始大清洗绑架公主逮捕王子报复美国富商为了顺利继承王位一场腥风血雨的宫斗又开始了
首部武汉新冠肺炎患者创作的手绘抗疫日记出版转发送书多次参与央视新闻共同战疫不间断直播的方舱手绘小姐姐黎婧出新书啦武汉日记方舱手绘小姐姐的抗疫画集即日由中国国际广播出版社正式出版这本首部由武汉新冠肺炎患者创作的手绘抗疫日记用漫画记录了抗疫历史中的这
自然地理中华菊头蝠的地理分布今年月武汉新冠病毒爆发后刚封城不久月日石正丽团队最快时间在自然杂志发表论文称新冠病毒与云南菊头蝠中存在的冠状病毒一致性高达表明其很有可能就是自然宿主不过随着时间推移和更多新的境外早期传播证据的出现现在人们已倾向病毒起
新成语谈冠色变崔自默谈冠色变年新成语典出庚子新冠病毒肆虐一般人谈冠色变而且一时是成为敏感词不能随便谈古有弹冠相庆今有谈冠色变弹谈不同冠冠相异别有一番滋味在心头
要闻权威辟谣世卫组织发言人法德拉·沙伊卜现有证据表明新冠病毒起源自动物而非实验室人为制造我们有病毒上的大流行还要对抗信息方面的流行病坚决反对阴谋论及新冠病毒起源缪论完整发言→焦点美国超万全球超万世卫组织新冠病毒起源自动物
意大利研究者在空气颗粒物上检出新冠这项研究表明新冠病毒可以存在于室外空气中的颗粒物上在大气稳定且高浓度的环境下新冠病毒可与户外的空气颗粒物成簇通过降低其扩散系数增强病毒在空气中的持久性该研究于近日发表在论文预印平台上意大利研究者在空气颗粒物上检出新冠
外媒津巴布韦暴发疟疾疫情卫生系统雪上加霜非洲国家津巴布韦暴发了新一轮的疟疾疫情已有至少人因此丧生这对于竭力应对新冠疫情的津巴布韦来说无疑是雪上加霜据英国卫报报道津巴布韦卫生部表示全国有处传染病暴发点该报得到的一份报告显示津巴布韦全国现有疟疾确诊病查看图片
|牛津大学新冠疫苗项目将进行人体试验政府拨款两千万将于日进行当地时间周二英国卫生大臣汉考克在每日的疫情新闻发布会上表示首批应对新冠肺炎疫苗将于周四开展人体试验除此之外政府将拨款万英镑帮助研究团队更好进行疫苗研究尽可能达到九月份前生产一百万剂疫苗的目标
每一秒都戳中泪点这是武汉女孩镜头下的火神山这两天武汉女孩阿念对军队支援湖北医疗队白衣战士的真情告白感动了很多人阿念是新冠肺炎轻症患者为了照顾重症的外婆她从方舱医院来到了火神山天的经历给阿念留下了刻骨铭心的记忆她用手机记录下了一段段温暖和感动王俊康李凯
今天又有華人被歧視及攻擊的新聞在袋鼠國的墨爾本一對年青華人夫婦家中的大閘被噴漆塗鴉新冠肺炎中國去死更被石頭砸進屋內接受訪問時丈夫說晚上睡不到覺時刻要警惕保護幼子其實洋人歧視中國人就是他們與生俱來的天性他們價值觀是弱肉強食及排外什麼命運共同體好幼稚囉反正
农业部长应对新冠肺炎特别会议声明将避免采取任何可能导致国际市场粮食价格过度波动的不合理限制措施财联社月日讯二十国集团农业部长应对新冠肺炎特别会议声明称将避免采取任何可能导致国际市场粮食价格过度波动的不合理限制措施以免威胁世界很大一部分人口特别是处于低粮食安全水平
瑞士采尔马特市把世界各国的国旗用灯光投射到附近阿尔卑斯雪山的马特洪峰以此表示在新冠疫情期间全世界人民团结一心鼓励大家拥有希望和勇气特别喜欢其中个投影一个是同一个世界另一个是音乐丽江玉龙雪山升起瑞士国旗回应此前瑞士阿尔卑斯名峰投影五星红旗
广东岁小伙林栋在新冠疫情期间飞往土耳其倒卖熔喷布回国击败众多国际对手后拿到每月吨的供应每月净利万左右有人说他是枭雄有人说他发国难财他说你们不该骂我而该感谢我你们怎么看
超话更新「의료진여러분덕분에대한민국은코로나위기를함께극복해나가고있습니다」의료진덕분에덕분에챌린지덕분에캠페인다음은동방신기유노윤호님존경의마음을전해주세요「感谢所有的医护人员与韩国一起共克新冠危机」感谢医护人
人们开始在家中死亡巴西一市挖掘万人坑埋葬感染者遗体据美国有线电视新闻网月日报道巴西亚马孙州首府马瑙斯市内工作人员正在挖掘万人坑以便之后将一些棺材埋入其中报道称马瑙斯市市长阿瑟·维尔吉利奥·内托的办公室称受新冠病毒影响该市每天有
抗疫行动美国疫情特朗普回应民众聚集抗议他们之间都离得很远遵守了社交距离规定所以我觉得很好你的眼睛怕是得了病你的大脑好像也不受控制你完全诠释了睁眼说瞎话这句话而且很完美你怕是觉得新冠肺炎的确诊病例还是不够多吧人民中的英雄的微博视频
美国岁老人坐机械臂看隔离妻子月日一段岁老人乘坐机械臂的视频在网络走红老人尼克岁的妻子正在养老院里隔离两人结婚已经年因为疫情数周没见面尼克为了探望妻子不惜动用机械臂把自己升高到楼窗口只为了和妻子见上一面聚焦新冠肺炎疫情新京报我们视频
两位因新冠肺炎脸色发黑的医生怎样了两位感染新冠病毒的武汉大夫易凡和胡卫峰经过两个多月的治疗终于被救回却脸色发黑引发各界关注两位医生状态如何什么时候可以出院他们体内受损的状况如何会不会有后遗症近日他们的主治医生武汉同济医院重症医学科主任李树生做客新闻
真的不敢相信深圳累计名师生感染新冠逗你乐的微博视频
美國密蘇里州急甩鍋竟起訴中國美網友疫情失控在於美國政府隨著今年美國大選日的臨近以及疫情失控導致美國經濟近乎停滯美國兩黨從政府國會到地方不斷炒作中國議題試圖轉移自身抗疫不力的失職問題為日益臨近的大選掃清障礙據報道月日美國密蘇里州對中國提起訴
:播报截至:国内疫情数据现存确诊累计境外输入现存无症状累计确诊累计死亡累计治愈全球疫情数据现存确诊累计确诊累计死亡累计治愈国内国家卫健委日新增例新冠肺炎确诊病例
传奇女掮客对决赌徒老板喜鹊攀上沙特高枝十三年来泰恩河畔阴霾密布如今似乎终于要见到曙光了就在新冠疫情肆虐欧洲大陆全球经济衰退之际纽卡斯尔收购案却取得重大的突破以沙特阿拉伯王国的国家财富为主体的财团接近完成收购喜鹊军团收购价格在亿英镑左右比今年一月传
金鹰基金韩广哲医药行业中长期有望维持高景气度公募基金一季报的披露迅速收官在新冠肺炎疫情的冲击下医药主题基金成为一季度期间业绩最佳的一类基金产品一季度末的基金重仓股名单中医药龙头股也是众多权益基金加仓的重点展望后市行情基金经理如何看待医药行业的投资机会对此金
世卫组织辟谣新冠病毒起源自实验室颜小江说法反谣言检察版一键转发无忧吃瓜争喋不休事实认定已成舟悔悟泪直流千万网友们深陷恐慌漩涡遇到不实信息务必核实警惕切莫瞬间就转走信息垃圾网络世界虚拟并非法外之地词回车诺比的梦说唱爱黛
瑞士开发出可探测空气中新冠病毒的新型传感器月日瑞士一个研究小组日宣布他们开发出一种能够灵敏可靠地检测到空气中新冠病毒的生物传感器不但可以作为新冠病毒感染临床诊断替代方法还可用于实时监测火车站医院等人流密集场所空气中是否存在新冠病毒瑞士联邦材料科学与技
巴西马瑙斯市挖掘大型坟墓埋葬尸体巴西新冠肺炎疫情蔓延亚马孙州一城挖掘大型坟墓埋葬尸体据美国有线电视新闻网月日报道巴西亚马孙州首府马瑙斯市内工作人员正在挖掘大型坟墓以便之后将一些棺材埋入其中报道称马瑙斯市市长阿瑟·维尔吉利奥·内托的办公室称受
世界粮食计划署全球亿人或面临严重粮食危机非洲可能遭受重创世界粮食计划署日表示由于新冠病毒疫情扩散冲击全球经济年全球面临严重粮食危机的人口可能增至亿全球已有亿人口面临严重粮食危机受缺少旅游收入侨汇减少以及旅行等方面限制措施影响今年这一数据预期
港澳战役进行时专家智囊构建香港抗疫脑力防线在香港一支由医学和公共卫生专家组成的团队在疫情期间持续向政府提出建议措施帮助公众认识疫情发展今天的港澳战疫进行时系列报道第三集来看卫生专家组如何构建控制疫情的关键力量抗击新冠肺炎凤凰卫视的微博视频
英国疫情死亡人数高于政府数字英国国家统计局当地时间日上午发布的最新报告显示截至月日英格兰和威尔士已有人因新冠肺炎死亡而英国政府公布的官方数字仅为人少了约％报道指出上述数字的差异是由于英国政府仅记录新冠病毒检测呈阳性并在医院死亡的人但在与新冠
港澳战役进行时专家智囊构建香港抗疫脑力防线在香港一支由医学和公共卫生专家组成的团队在疫情期间持续向政府提出建议措施帮助公众认识疫情发展今天的港澳战疫进行时系列报道第三集来看卫生专家组如何构建控制疫情的关键力量抗击新冠肺炎凤凰卫视的微博视频
英国疫情死亡人数高于政府数字英国国家统计局当地时间日上午发布的最新报告显示截至月日英格兰和威尔士已有人因新冠肺炎死亡而英国政府公布的官方数字仅为人少了约％报道指出上述数字的差异是由于英国政府仅记录新冠病毒检测呈阳性并在医院死亡的人但在与新冠
院士答疑注射疫苗就能不被感染吗新冠病毒是否变异变异了咋办中国工程院院士王军志介绍目前暂未发现产生病毒变异影响疫苗的情况一旦发生该情况将重启新的技术路线给疫苗换零件小央视频小央视频的秒拍视频
还有一些即便在疫情中也无法腾挪到线上云端的事情虔诚信徒的礼拜需要出差的工作和时刻跟进最新消息的记者们的实地采写如图是身处世界各地的他们不约而同地保持着预防性社交距离点击链接了解更多网页链接全球议题新冠肺炎全球健康
日本微电子巨头欧姆龙前社长感染新冠去世日凌晨因感染新型冠状病毒而住院的电子设备制造商欧姆龙的前任社长京都工商会议所的会长立石义雄去世享年岁据京都市报道立石先生因疲劳和发烧而住院于本月日确认感染新型冠状病毒时差视频的微博视频
美国密苏里州因疫情起诉中国政府专家表示还不是为了大选日美国密苏里州检察长施米特向联邦法院提起对中国的民事诉讼要求中国对疫情负责路透社援引芝加哥大学国际法教授汤姆·金斯伯格观点认为包括此事在内的最近针对中国的一连串诉讼都与美国大选有
转发周知钟南山李兰娟张文宏都说该开学了月日教育部召开学校疫情防控专家报告视频会钟南山李兰娟张文宏就如何做好开学后学校新冠肺炎疫情防控工作等进行了专题报告我赞成现在要复课钟南山表示我们也必须在严防严控的情况下开始复学央视新闻视频的微博视频
外交部美国少数政客请不要再散布政治病毒了月日外交部发言人耿爽表示美国少数政客为了推卸自身抗疫不力的责任罔顾事实诋毁抹黑中方大搞政治操弄在本应团结抗疫的紧要关头干扰中美合作这种行径不得人心也无益于控制美国国内疫情大家在全力抗击新冠病毒的时候请不要再散布
感谢一路有你陪我走过最黑暗的时刻黎明终究到来了新冠病毒患者住院天的独白赛茜的微博视频
美国急诊医生住树屋隔离美国急诊科医生怕带病毒回家住树屋隔离能离家人近一点美国急诊科医生杰森·巴恩斯最近正在诊治新冠肺炎患者想到可能会把病毒带回家妻子詹娜建议巴恩斯去住酒店但他不想离家人们太远于是搬到自家后院孩子们玩耍的树屋进行隔离树屋里木板床食物水简易小冰
美国急诊医生住树屋隔离美国急诊科医生怕带病毒回家住树屋隔离能离家人近一点美国急诊科医生杰森·巴恩斯最近正在诊治新冠肺炎患者想到可能会把病毒带回家妻子詹娜建议巴恩斯去住酒店但他不想离家人们太远于是搬到自家后院孩子们玩耍的树屋进行隔离树屋里木板床食物水简易小冰
美国密苏里州星期二对国提起诉讼指责京掩盖了新冠毒流行病的严重性在美国和世界范围内造成了无法弥补的经济和人员损害共和国检察官埃里克·施密特提起的民事诉讼是针对以及亚洲国家的其他官员和机构法国
昨天救武汉今天救世界天前雷神山医院完成使命正式休舱今天雷神山医院的英雄们来到了更大的全球抗疫战场由阿里巴巴公益基金会和马云公益基金会发起的全球新冠肺炎实战共享平台向津巴布韦多名医生直播分享一线抗疫经验截至目前已有近个国家和地区的近名
崔天凯中国提供给美国亿个口罩每个美国人差不多能有个月日中国驻美大使崔天凯参加彭博创新经济论坛研讨会主要就抗击新冠肺炎疫情中美关系等进行讨论崔天凯表示中方向美方提供超过亿个口罩每个美国人差不多能有个崔天凯提到当前舆论中的一个奇怪现象当中方最初向美
新冠肺炎的旧症状和新症状
耿爽回应美密苏里州起诉中国纯属恶意滥诉十分荒谬外交部回应密苏里州因疫情起诉中国据外媒报道美国密苏里州周二宣布起诉中国宣称中国的疫情应对使该州蒙受巨大经济损失对此中国外交部发言人耿爽在日外交部例行记者会上表示这种所谓的控告毫无事实和法律依据十分荒谬耿
世卫组织辟谣新冠病毒起源自实验室已有证据表明病毒源自动物世卫组织发言人法德拉·沙伊卜日表示世界卫生组织目前正与两种大流行斗争分别是新冠疫情大流行和虚假信息大流行世卫称抗疫同时也在抗击虚假消息大流行央视网的微博视频
金球首位亚裔视后为中国怒批特朗普曾因长相被丑拒歧视她用年改写历史新冠肺炎疫情在全球暴发后美国总统特朗普曾在多个场合将新冠病毒与中国关联引来不少批判声最近正在出演热播剧杀死伊芙第三季的韩裔加拿大演员吴珊卓针对特朗普这种赤裸裸的种族歧视言论勇敢发声记者
今年对于地球来说很不寻常新冠疫情澳洲火灾东非蝗灾南极高温仿佛告诫我们对自然环境的破坏已经到了地球无法承受的程度作为时尚媒体我们有责任为地球发声有责任助力可持续发展为地球减负世界地球日
美媒列举特朗普出尔反尔画面月日华盛顿邮报发布一段视频名为特朗普否认自己曾说的话盘点了特朗普在疫情期间至少次否认自己曾说过的话本局猜测他大概是选择性失忆吧美国关注新冠肺炎环视频的秒拍视频
严防疫情反弹高校陆续开学这些防控准备要做好返校途中如何正确防护开学后上课用餐又该注意啥周末还能出校改善伙食吗国家卫健委教育部日前联合印发大专院校新冠肺炎疫情防控技术方案马上开学的你快收下这份防控宝典↓防控新型冠状病毒肺炎新华视点图片来源健康中国
成都博物馆关于公开征集新冠肺炎疫情防控代表性见证物的公告年月初新冠肺炎疫情来袭在党中央国务院大力部署下全国人民众志成城共克时艰抗击疫情为见证这一重大社会事件保存抗疫历史传承战疫精神成都博物馆特向社会各界广泛征集新冠肺炎疫情防控代表性
全球抗疫第一线美国西班牙意大利累计确诊超万例一图了解新冠肺炎世界疫情形势点击链接→网页链接关注全球疫情
坚决打赢疫情防控阻击战王兆力统一思想行动坚决落实各项部署要求全力以赴慎终如始抓紧抓实防控工作王兆力在市委常委会会议暨市应对新冠肺炎疫情工作领导小组会议上强调统一思想行动坚决落实各项部署要求全力以赴慎终如始抓紧抓实防控工作孙喆赵铭秦恩亭出席记者初霞文刘玉玺
海外华人发自内心的感慨祖国是我们最坚强的后盾人民网大约从月起美国新冠肺炎疫情开始蔓延确诊病例与死亡病例数很快就达到世界最高大家仿佛还没做好准备就被卷入一场与疫情抗击的未知战役中月日世界卫生组织宣布新冠肺炎为全球流行病月日白宫发布的名为
日本医疗系统正在崩溃日本家医院一枚口罩用天以上呼吸机不够用日本医疗资源告急医院内感染难杜绝新冠疫情在日本愈演愈烈一个由医师组成的日本民间机构进行了网络调查结果显示近半数的受访医疗机构一枚口罩需要用多天其中家医院一枚口罩要用四天以上因为担心发生感染
文化大革命没有任何积极意义谈论文化大革命的积极意义相当于讨论汶川大地震的积极意义相当于讨论新冠疫情的积极意义没有积极意义这都是灾难区别只是文化大革命是人祸后两者是天灾而已不要去讨论灾难的积极意义那是对死者的亵渎
月日新冠疫情海外累计确诊病例超过万累计死亡病例接近万累计治愈病例超过万虽然新增确诊病例昨日回升至万但是扔维持在万上下波动确诊病例增幅为新增死亡病例较前日大幅下降千来例累计病死率新增治愈病例大幅上升累计治愈率接近美国的新冠疫
都韩势超话🐱软萌猫咪都韩势韩势官咖更新[[韩势]]这周一直挺冷的爱丽丝最近天气好像又稍微变冷了请注意新冠病毒哦我们都😘非常想念你们特别影像大家都看了吗那时候因为天气特别好拍了照片今天才上传那么下次会再来的拜拜伊呀😛😷
伊朗驻华大使我们对美国没啥要求能让我们自己管自己就好新冠疫情席卷全球美国在伊朗陷入抗疫艰困时加大了对伊朗的制裁和压迫其中包括阻止向伊朗提供抗疫贷款伊朗驻华大使穆罕默德•克沙瓦尔兹扎德在凤凰网外交官访谈录栏目中表示各国都有权使用基金应对疫情筹备人道物
希腊难民安置酒店暴发疫情人确诊小镇被紧急封锁月日希腊伯罗奔尼撒半岛一小镇上的难民安置酒店内有人确诊新冠肺炎感染者包括名难民和名酒店工作人员他们都是无症状感染者当地小镇已开始实行宵禁和更严格的封锁措施这是希腊境内第处出现疫情的难民和移民设施
柏林新冠肺炎疫情实锤了柏林的家长听到哭晕在厕所柏林市长近日在结束媒体采访时表示柏林的幼儿园将会在年月日正式开门无条件接受孩子重新入学从月日起只为在体制和系统内工作的父母提供临时育儿看护具体涉及到的工种有警察消防公共交通从业者电力养老院和福利院工作
新增例新冠确诊病例德国累计确诊超万例关注新冠肺炎据德国罗伯特·科赫研究所日发布的数据显示德国新增例新冠确诊病例累计达例新增例死亡病例累计达例日起德国各州陆续开始解封此前实施的社交和商业禁令为在解封后避免疫情反弹此前曾不
美国个州宣布重启经济美国三个州宣布放宽防疫措施重启经济美国地区处于封锁状态美国南卡罗莱纳州佐治亚州和田纳西州相继宣布将重启经济放松新冠病毒疫情的控制措施据英国每日邮报日报道佐治亚州州长称一些企业最早将于日复工而田纳西州政府称企业可以在下周复工报道
沙特王室至少人确诊新冠心狠手辣的王储竟然趁此机会开始大清洗绑架公主逮捕王子报复美国富商为了顺利继承王位一场腥风血雨的宫斗又开始了
美媒国因检测能力少算死亡数逾万例纽约时报月日报道疫情期英法等国受限检测能力和仅统计临床数据官方新冠死亡病例少算逾万例纽约时报根据这些国家死亡数和同期比较得出这一数据视频来源纽约时报美媒国因检测能力少算死亡数逾万例澎湃视频的微博视频
农业部长应对新冠肺炎特别会议声明将避免采取任何可能导致国际市场粮食价格过度波动的不合理限制措施二十国集团农业部长应对新冠肺炎特别会议声明我们将避免采取任何可能导致国际市场粮食价格过度波动的不合理限制措施以免威胁世界很大一部分人口特别是处于低粮食安全水平环境中的最弱势
从美国开始免费检测新冠以后尽管当时检测试剂盒不够可是势如破竹的增速还是让大家都吓了一跳很多网友都以赌辣条的形式关注着美国的疫情什么时候破五万破十万破二十万现在试剂盒够了按理说应该能检测更多的人做到早发现早治疗但是最近的新确诊病例却变成了匀速增长每天增长数据
云艺考带火视频录制服务考生顺应变化积极备考受新冠肺炎疫情影响各大艺术类院线纷纷调整年艺考方案表演播音主持等部分专业的初试方式调整为考生录制视频线上提交学校进行远程‘云筛选’这让不少艺考培训机构看到了考生们录制视频的新需求不少艺考生在谈及前来录制视
瑞典死亡病例新增例瑞典王妃加入抗疫前线瑞典现在上下基本达成一致自己对自己负责保持社交距离前者是瑞典制度瑞典价值观所致后者与群体免疫的大方向并不矛盾他们要的是慢慢的扩散每个人排着队跟病毒亲密接触然后等待命运新冠病毒的判决看图瑞典不检测轻症所以累计确诊
新冠疫苗最快年底可以紧急应用国家疾控中心主任卫健委高级别专家组成员高福周一表示根据疫情走势在应急情况下可能会于年底给一部分人群如医务人员先行使用新冠疫苗对于疫苗研发的时间表高福称如果按照正常的流程走可能要到今天年底至明年年初才能使用天下之事深圳小天超话
西昌泸山景区暂停开放正开展安全隐患排查处置工作关注新冠肺炎西昌市邛海泸山风景名胜区管理局月日发布通告称目前泸山游览区正开展安全隐患排查处置工作为确保游客人身安全根据西昌市关于从严从实加强森林草原防火工作的公告的要求泸山景区自本通告发布之日起全面暂停对
杭州有学生发烧导致全班学生家长老师惊恐幸好医院检测新冠检查全部是阴性是其他疾病导致的但是真的虚惊了一大场
用精神食粮守护精神家园长江读书节在汉启动新冠肺炎防控日上午第五届长江读书节以一种特殊的形式在湖北省图书馆正式启动之所以特殊是因为本届长江读书节首次采用了线上相互在线直播等方式向百万读者讲书荐书送书在疫情防控阶段长江读书节用精神食粮守护着人们的
截至日深圳累计名师生感染新冠病毒重点岗位人员一律核酸检测研究称美新冠早期死亡被低估全球奇闻微爆光的微博视频
捷豹路虎裁员一半解雇万员工还采取了减薪措施日前据外媒报道受新冠疫情影响捷豹路虎将暂时解雇万名员工占其全球员工总数捷豹路虎在全球拥有约万名员工主要在英国的哈雷伍德盖顿惠特利等地进行工作当下包括英国在内的海外众多国家地区疫情还没有得到有效控制捷豹
俄预计月前迎疫情高峰媒体怀疑病毒已入侵军队俄罗斯日新增新冠肺炎确诊病例例当局表示预计五月之前将迎来疫情高峰土耳其总统埃尔多安认为当地疫情已经平稳预计月可以恢复正常生活俄罗斯日新增确诊病例例其中无症状感染者达累计病例数增至例当局指感
黑龙江新增例本土无症状感染者轨迹葛某女岁自由职业常住址黑龙江省哈尔滨市方正县方正林业局星火林场组系确诊病例二葛某的女儿月日诊断为新冠肺炎无症状感染者月日时陪同父亲从方正林业局乘私家车出发时到哈医大一院就诊时在喜家德水饺医大二院店用
黑龙江公布例省内新增确诊病例行程轨迹关注新冠肺炎年月日-时黑龙江省省内新增确诊病例例哈尔滨例本土无症状感染者转为确诊病例例其中有例是确诊病例陈某君男岁在哈医大一院住院期间同楼层同病区的住院患者有例为同期间住院患者陪护这例确诊病例都是
纽约华裔神经内科教授确诊讲述自己感染新冠病毒经过纽约的神经内科临床医生符传孝教授执业多年月底他成为新型冠状病毒的确诊患者所幸的是目前他身体状况逐渐恢复近日符医生在接受采访时讲述了自己感染上新冠病毒的经过他表示将来作为康复病患他想希望通过献血来帮助更多人
感谢一路有你陪我走过最黑暗的时刻黎明终究到来了新冠病毒患者住院天的独白赛茜的微博视频
床位爆满为节省资源纽约要求不再进行心肺复苏抢救美国的新冠肺炎疫情持续一日更新增近万人确诊累计确诊人数突破万人纽约州为疫情重灾区累计万人确诊纽约州确诊人数大增下床位爆满加上医护人手短缺竟发布指南称患者出现心跳停顿时不建议进行心肺复苏作抢救纽约州此
俄预计月前迎疫情高峰媒体怀疑病毒已入侵军队俄罗斯日新增新冠肺炎确诊病例例当局表示预计五月之前将迎来疫情高峰土耳其总统埃尔多安认为当地疫情已经平稳预计月可以恢复正常生活俄罗斯日新增确诊病例例其中无症状感染者达累计病例数增至例当局指感
新加坡新冠肺炎确诊病例破万新加坡卫生部日表示截至当日中午新加坡新增例新冠肺炎确诊病例累计确诊达例最近新加坡确诊病例激增主要是由于住在宿舍的外籍工人集中暴发疫情网页链接
不能上一线就做幕后英雄上海女医生两个月义诊答疑余万字等到能摘下口罩那一天新冠肺炎疫情之下线上问诊需求暴增成为疫情防控的第二战场上海医生周雪在丈夫驰援武汉一线后加入线上义诊仅两个月就帮助了多个病人答疑近万条转发致敬央视网快看的微博视频
传播时间比想象的要早检测证实美国月初已现新冠死亡病例北加州圣克拉拉县公共卫生官员当地时间日说根据尸检结果该县月日报告的一例死亡病例在死亡时已被新型冠状病毒感染旧金山纪事报报道称圣克拉拉县官员在一份声明中说验尸官对两名分别于月日和月日死亡的死者进行了尸
俄罗斯符拉迪沃斯托克一医院发生医护人员新冠肺炎大规模感染当地时间日据俄滨海边疆区行政长官科热缅科发布的消息位于符拉迪沃斯托克的第二医院发生了医护人员大规模感染新冠肺炎事件过去小时内该医院共确诊了名新冠肺炎病例其中人为该医院的医护人员而第二医院为当地新冠肺
外交部回应加拿大防疫物资飞机空机返回相关报道不准确据外媒报道加拿大总理特鲁多日表示加拿大两架运送医疗物资飞机空机返回引发外界关注中国外交部发言人耿爽在日的例行记者会上回应此事时表示外媒相关报道不准确耿爽表示新冠肺炎疫情发生以来中加双方相互支持相互
联合国大会上美国试图反对新冠疫苗共享计划但为时已晚据外媒日报道联合国大会近日通过了一项由墨西哥负责牵头的决议该决议要求未来各国都应享有公平有效且及时地获取并使用新冠疫苗的权利据消息人士称美国实际上对这项决议一直持反对态度但是由于美国迟
分享一则值得新传考研人关注的传媒业新闻今天发布了一则消息年第一季度的订阅用户数量出现了大幅增长第一季度的全球流播放服务付费用户的总人数达到了亿人与去年同期的亿人相比增长较上一季度增长了万人在致股东的信中谈到了新冠
首部武汉新冠肺炎患者创作的手绘抗疫日记出版转发送书多次参与央视新闻共同战疫不间断直播的方舱手绘小姐姐黎婧出新书啦武汉日记方舱手绘小姐姐的抗疫画集即日由中国国际广播出版社正式出版这本首部由武汉新冠肺炎患者创作的手绘抗疫日记用漫画记录了抗疫历史中的这
俄罗斯符拉迪沃斯托克一医院发生医护人员新冠肺炎大规模感染当地时间日据俄滨海边疆区行政长官科热缅科发布的消息位于符拉迪沃斯托克的第二医院发生了医护人员大规模感染新冠肺炎事件过去小时内该医院共确诊了名新冠肺炎病例其中人为该医院的医护人员而第二医院为当地新冠肺
贴心提示新冠疫情复工复产复学饮食建议之六要六不要当前我国新型冠状病毒肺炎疫情防控已经取得阶段性成果各行各业正在逐渐复工复产但疫情防控任务仍然艰巨防控工作面临新的形势和困难为帮助公众在恢复生产生活的基础上继续做好特殊时期的食品安全保障以下建议请您收好
边境关闭一根鱼竿完成国际贸易现年岁的哈特穆特是德国劳特巴赫村的居民几十年来他每天都要步行几十米穿过德法边境到一家法国面包房购买面包新冠肺炎疫情暴发后法德边境关闭哈特穆特另辟蹊径让面包师将货品放在边境栏杆旁然后用鱼竿从远处把面包钓过来在社交网站上
广州星巴克好世界店又一员工感染均为无症状已有相关人免费核酸检测月日广东广州星巴克好世界店又一员工感染新冠系该店第二名无症状感染病例该病例为岁男性籍贯广东此前日星巴克确认该店面一员工感染新冠称已入院治疗涉事门店已全面消毒广州其他门店均执行一级
月日为了在动员国际社会共同努力抗击新冠病毒疫情的背景下继续与中方沟通俄罗斯联邦外交部副部长谢尔盖·维尔什宁与中华人民共和国外交部副部长马朝旭进行了电话会谈双方讨论了为应对这一国际挑战在联合国安理会开展协作的实际问题并对安理会五个常任理事国即将就此问题进行沟通的某些方面
美加州补报新冠肺炎死亡病例美国本土首例死亡时间前移三周月日美国发现早在月初已出现至少两例新冠肺炎死亡病例比月日确认的首例约早三周两患者分别于月日日在家中病逝尸检后两人的样本被送至美国疾病控制与预防中心当日加州当局收到消息确认两人均呈
世卫组织雇员在缅甸遇袭世卫组织运送新冠病毒样本车辆在缅甸遭袭击联合国秘书长谴责亚太日报的微博视频
一无症状感染者途经山东站一无症状感染者曾乘火车途经山东站乘坐次列车号车厢月日湖北省麻城市新冠肺炎疫情防控指挥部发布关于寻找无症状感染者密切接触人员的通告急寻乘坐次列车号车厢的乘客据悉次列车在山东停靠菏泽梁山聊城站据悉感染者陶某
桃花源记现实版意大利夫妇驾船环游世界靠岸时才发现疫情改变世界据月日报道意大利一对夫妇近日在海上航行天后想靠岸登陆时被告知岛屿关闭才发现世界正在因新冠疫情而改变报道称年和决定辞掉工作买一艘船去环游世界在海上航行天后
美国参议院再批准亿美元救助金此前部分救助金已告罄月日美国参议院批准约亿美元新冠疫情救助金计划其中包括向受疫情影响的小企业提供亿美元资金为医院和医疗保健提供者资助亿美元资金还将提供亿美元促进和扩大新冠病毒检测美政府早前为挽救经济陆续通过万亿
健康科普汇重点场所新冠肺炎疫情防控技术指南之银行篇戳图了解健康中国行动
内蒙古中考延期至月日至日据了解经内蒙古新冠肺炎防控工作指挥部同意年内蒙古中考延期举行中考报名时间为月日至日考试时间为月日至日具体时间由各盟市根据本地实际情况确定此前内蒙古高三初三年级已于月日正式开学复课月日内蒙古初高中一二年级和
北京大兴一中实施师生健康状况日报制度课间答疑需预约送餐到班月日北京市新冠肺炎疫情防控工作新闻发布会召开北京市大兴一中校长荣俊利介绍要求师生坚持每天晨午两次测量体温实施健康状况日报制度实行错峰上下学分散去洗手间重点部位划定一米线课间答疑实行预约制送餐
他对这一套太熟悉了这词用的贴切足见其智商情商双高世事熟稔人情练达没能还是应了鲁迅的话没能用最坏的恶意揣测同胞自西至西:尽管张文宏医生最初露面的时候就说当新冠大幕落下我自然会非常走开结果他走开还是不够及时
健康科普汇重点场所新冠肺炎疫情防控技术指南之银行篇戳图了解健康中国行动
北京大兴一中实施师生健康状况日报制度课间答疑需预约送餐到班月日北京市新冠肺炎疫情防控工作新闻发布会召开北京市大兴一中校长荣俊利介绍要求师生坚持每天晨午两次测量体温实施健康状况日报制度实行错峰上下学分散去洗手间重点部位划定一米线课间答疑实行预约制送餐
他对这一套太熟悉了这词用的贴切足见其智商情商双高世事熟稔人情练达没能还是应了鲁迅的话没能用最坏的恶意揣测同胞自西至西:尽管张文宏医生最初露面的时候就说当新冠大幕落下我自然会非常走开结果他走开还是不够及时
旅业分析欧盟旅游业务降幅达在欧洲新冠肺炎疫情造成了旅游业的危机布鲁塞尔大广场罗马斗兽场威尼斯湖等景点没有游客机场和沙滩也空无一人欧盟对于旅游业的紧急财政援助对于未来的重新调整是一个机会将解决欧洲大城市和港口的过度旅游问题更多分析⬇️⬇️品橙旅游
中国将首次为无失业保险农民工提供补助中国已承诺向数百万因新冠疫情失去收入之前未纳入社会保障体系的农民工提供福利支持中国国务院周二宣布未参加失业保险的农民工将首次能够申请低保并宣布将保障范围扩大至其他未被政府保险计划覆盖的人群中国国务院表示将鼓励政府支持的重大项
美国奥委会降薪美国奥委会将降薪受新冠疫情影响东京奥运会已确定推迟一年举行各赛事体育组织纷纷受到影响为了应对危机美国奥委会选择降薪降薪幅度达-美国奥委会首席执行官莎拉-赫士兰德表示她自己已经削减了的薪水而其他高管团队至少在年底之前都削减
盖茨基金会等多机构疑遭黑客攻击近万邮箱泄露据外媒报道负责监视网络极端主义和恐怖组织的情报集团表示未知激进分子在互联网上发布了将近个电子邮件地址和密码据称这些信息属于美国国立卫生研究院世界卫生组织世界银行盖茨基金会等致力于抗击新冠疫情的机构和组织
新闻病毒早入侵美国全美月初现首例新冠肺炎死亡病例据美联社报道加利福尼亚州萨克拉曼多卫生官员表示在美国首次报道第一例新冠肺炎死亡病例的几周前加州就已经有两人死于新冠病毒圣克拉拉县官员日说这两人分别于月日和月日在家中死亡据报道美国首次报道新冠肺炎死
外媒意大利现有病例数首次下降本周宣布解封计划外媒称意大利当局说自该国新冠肺炎疫情暴发以来经官方确认的现有感染者人数首次出现下降当局称相关数据极其鼓舞人心意大利尚未走出困境但它正走在正确道路上而且它现在感到所做的牺牲正在赢得回报此外意大利总理朱
一无症状感染者途经山东站一无症状感染者曾乘火车途经山东站乘坐次列车号车厢月日湖北省麻城市新冠肺炎疫情防控指挥部发布关于寻找无症状感染者密切接触人员的通告急寻乘坐次列车号车厢的乘客据悉次列车在山东停靠菏泽梁山聊城站据悉感染者陶某
美国体育业面临巨额损失根据美国一家公司进行的民意检测的美国体育迷认为如果没有有效的新冠病毒疫苗观看体育比赛是不安全的也就是说即使几周或几个月之内这些体育迷可以进入运动场他们很可能也并不会去这样一来没有了门票特许权和商品收入的相关俱乐部将会面临严重的财务
全球抗疫第一线美国西班牙意大利累计确诊超万例一图了解新冠肺炎世界疫情形势央视新闻
金微神秘的高福如果说此前人们一直将注意力放在病毒所带来的风险上但是新冠疫情人们看到的是专家误导造成的风险同样可怕网页链接
致敬疫情前线医护人员天色已暗东京驹泽奥林匹克公园的奥林匹克纪念碑亮起了蓝色旨为向抗击全球性爆发的新冠肺炎而工作在疫情前线的医护人员致敬每晚:开始亮灯至月日截止
桂林爆料广西籍留美学生被确诊为无症状感染者月日浙江省卫生健康委员会通报此前经杭州海关所属杭州萧山机场海关采样检测新型冠状病毒核酸阳性的旅客陈某被确诊为新冠病毒无症状感染者该名无症状感染者系广西籍留美学生从纽约返回新增无症状感染者陈某女美国留学生广西
自然地理中华菊头蝠的地理分布今年月武汉新冠病毒爆发后刚封城不久月日石正丽团队最快时间在自然杂志发表论文称新冠病毒与云南菊头蝠中存在的冠状病毒一致性高达表明其很有可能就是自然宿主不过随着时间推移和更多新的境外早期传播证据的出现现在人们已倾向病毒起
新成语谈冠色变崔自默谈冠色变年新成语典出庚子新冠病毒肆虐一般人谈冠色变而且一时是成为敏感词不能随便谈古有弹冠相庆今有谈冠色变弹谈不同冠冠相异别有一番滋味在心头
要闻权威辟谣世卫组织发言人法德拉·沙伊卜现有证据表明新冠病毒起源自动物而非实验室人为制造我们有病毒上的大流行还要对抗信息方面的流行病坚决反对阴谋论及新冠病毒起源缪论完整发言→焦点美国超万全球超万世卫组织新冠病毒起源自动物
意大利研究者在空气颗粒物上检出新冠这项研究表明新冠病毒可以存在于室外空气中的颗粒物上在大气稳定且高浓度的环境下新冠病毒可与户外的空气颗粒物成簇通过降低其扩散系数增强病毒在空气中的持久性该研究于近日发表在论文预印平台上意大利研究者在空气颗粒物上检出新冠
超话更新「의료진여러분덕분에대한민국은코로나위기를함께극복해나가고있습니다」의료진덕분에덕분에챌린지덕분에캠페인다음은동방신기유노윤호님존경의마음을전해주세요「感谢所有的医护人员与韩国一起共克新冠危机」感谢医护人
抗疫行动美国疫情特朗普回应民众聚集抗议他们之间都离得很远遵守了社交距离规定所以我觉得很好你的眼睛怕是得了病你的大脑好像也不受控制你完全诠释了睁眼说瞎话这句话而且很完美你怕是觉得新冠肺炎的确诊病例还是不够多吧人民中的英雄的微博视频
美国岁老人坐机械臂看隔离妻子月日一段岁老人乘坐机械臂的视频在网络走红老人尼克岁的妻子正在养老院里隔离两人结婚已经年因为疫情数周没见面尼克为了探望妻子不惜动用机械臂把自己升高到楼窗口只为了和妻子见上一面聚焦新冠肺炎疫情新京报我们视频
两位因新冠肺炎脸色发黑的医生怎样了两位感染新冠病毒的武汉大夫易凡和胡卫峰经过两个多月的治疗终于被救回却脸色发黑引发各界关注两位医生状态如何什么时候可以出院他们体内受损的状况如何会不会有后遗症近日他们的主治医生武汉同济医院重症医学科主任李树生做客新闻
真的不敢相信深圳累计名师生感染新冠逗你乐的微博视频
疫情期间啥幺蛾子事都有有个发源于国外的谣言就非常搞笑说新冠病毒的传播是由基站造成的我们中国人听了肯定觉得好笑但国外确实很多人相信甚至在月初的时候英国一周内好多基站都被烧了由于纵火者搞不清基站的规格烧的大部分都是基站为什么会有这样的谣言呢这是因为有人做
意大利研究者在空气颗粒物上检出新冠这项研究表明新冠病毒可以存在于室外空气中的颗粒物上在大气稳定且高浓度的环境下新冠意大利研究者在空气颗粒物上检出新冠来自财新客户端
桂林爆料关注新冠肺炎年月日广西新型冠状病毒肺炎疫情情况月日至时我区无新增确诊疑似病例无新增死亡病例全区累计报告确诊病例例治愈出院例死亡例本日无新增无症状感染者当日解除隔离境外输入无症状感染者例现有无症状感染者例其中境外输入例
:播报截至:国内疫情数据现存确诊累计境外输入现存无症状累计确诊累计死亡累计治愈全球疫情数据现存确诊累计确诊累计死亡累计治愈国内国家卫健委日新增例新冠肺炎确诊病例
传奇女掮客对决赌徒老板喜鹊攀上沙特高枝十三年来泰恩河畔阴霾密布如今似乎终于要见到曙光了就在新冠疫情肆虐欧洲大陆全球经济衰退之际纽卡斯尔收购案却取得重大的突破以沙特阿拉伯王国的国家财富为主体的财团接近完成收购喜鹊军团收购价格在亿英镑左右比今年一月传
沙拉盘中那个绿色麻花状的是什么
黑龙江新增例本土无症状感染者轨迹葛某女岁自由职业常住址黑龙江省哈尔滨市方正县方正林业局星火林场组系确诊病例二葛某的女儿月日诊断为新冠肺炎无症状感染者月日时陪同父亲从方正林业局乘私家车出发时到哈医大一院就诊时在喜家德水饺医大二院店用
耿爽评美方攻击指责世卫行为望美国感知下各方意愿别站在国际社会对立面日国集团和中国声明支持世卫组织赞赏世卫组织在抗击新冠疫情中发挥的领导作用但美方频频指责世卫组织工作不力并暂停向世卫组织捐资对此外交部发言人耿爽表示美国认为世卫组织应听其指挥这是典型的霸权
不能上一线就做幕后英雄上海女医生两个月义诊答疑余万字新冠肺炎疫情之下线上问诊需求暴增成为疫情防控的第二战场上海医生周雪在丈夫驰援武汉一线后加入线上义诊仅两个月就帮助了多个病人答疑近万条转发致敬央视网快看的微博视频
钟南山院士香港专访祖国反黑站超话方方美国新冠病毒感染病例超过万钟南山说我们挺过来了阿中哥哥反黑站的微博视频
当地时间月日晚非洲疾控中心发布统计报告称截至非洲东部时间月日时个非洲国家共报告新冠肺炎确诊病例例其中死亡例致死率月日至月日一周时间内整个非洲大陆确诊病例数量增加了
法国岁男童感染接触人无一人感染专家这样解释法国一名岁男孩感染新冠病毒后与其接触的人中无一感染这个男孩同时还感染了另两种呼吸道病毒他的两个兄弟姐妹都感染了后者却均未感染新冠病毒详情→法国岁男童感染接触人无一人感染专家这样解释
日本的江之岛海岸最近成了人员聚集的地方以至于环卫工都来不及收垃圾周围市民都提心吊胆怕感染新冠肺炎面对不肯宣布强制封城的日本还有不能安分守己在家自肃的日本市民有市民请愿水族馆要求放出鲨鱼到海里也不是不行
个人日常办公仍要做好健康防护这些小妙招学起来来源人民网当前境外疫情呈增长态势境外输入和本地反弹风险不容低估北京市疾控中心副主任庞星火在近日召开的北京市新冠肺炎疫情防控工作第七十五次新闻发布会上提醒大家不要放松防控那么个人日常办公时如何做好健康防护庞星火给出了
动新闻聚焦新冠肺炎福建战疫福建包车包列包机接回返闽返企农民工万人今天月日下午福建省政府新闻办举行新冠肺炎疫情联防联控工作第二十场新闻发布会针对疫情期间如何组织跨区域流动农民工安全有序返闽返岗复工这一问题福建省人社厅副厅长吴小颖表示福建省是
油价为何会暴跌至负数新冠疫情与全球石油体系决定月日美国原油期货价格暴跌收于每桶-美元历史首次跌至负值国际油价在月经历自海湾战争以来最大跌幅据预计年全球石油需求将比年下降至少疫情导致需求萎缩规模达到万桶日时差视频
美国参议院再批准亿美元救助金此前部分救助金已告罄月日美国参议院批准约亿美元新冠疫情救助金计划其中包括向受疫情影响的小企业提供亿美元资金为医院和医疗保健提供者资助亿美元资金还将提供亿美元促进和扩大新冠病毒检测美政府早前为挽救经济陆续通过万亿
世卫员工在缅甸遭枪杀联合国秘书长发表声明谴责当地时间月日在缅甸若开邦世界卫生组织一辆运送新冠病毒监测样本的车辆遇袭该组织一名工作人员遇害另一名政府官员受重伤日联合国秘书长古特雷斯发表声明对车辆遭到袭击表示强烈谴责古特雷斯向死者家属表示哀悼并祝愿伤者早
纽约急诊室惨烈实况名医护抢救男子月日美国纽约州一医院急诊室主任向美联社记者表示仅在其当值时就宣布人死亡自己从医多年从未见过如此景象目前该院已有超名职工感染新冠肺炎纽约急诊室惨烈实况名医护抢救男子澎湃新闻的微博视频
新增例新冠确诊病例德国累计确诊超万例关注新冠肺炎据德国罗伯特·科赫研究所日发布的数据显示德国新增例新冠确诊病例累计达例新增例死亡病例累计达例日起德国各州陆续开始解封此前实施的社交和商业禁令为在解封后避免疫情反弹此前曾不
美国疫情美国大选秒看特朗普次出尔反尔我没说过美国媒体总结疫情期间特朗普多次出尔反尔推翻自己的言论最短仅有一天他曾说新冠肺炎像流感说病毒月会消失说不需要-万台呼吸机在被记者质问时他通常的回答是我没说过美国关注新冠肺炎新型冠状病毒感染肺炎
动新闻聚焦新冠肺炎福建战疫八闽健康码亮码通行超万人次我省加强疫情防控期间的社会救助工作今天月日下午福建省政府新闻办举行新冠肺炎疫情联防联控工作第二十场新闻发布会发布会上省民政厅党组成员副厅长赵荣生介绍说随着全省各地陆续复工复产和境外输入
战疫|天津为他们颁发特别奖钟南山张伯礼等在列新冠肺炎疫情发生以来天津市广大科技工作者勇担责任尽锐出战加大科研攻关和成果转化力度一批重大科技产品纳入国家诊疗方案为抗疫工作作出了突出贡献为弘扬科学精神树立先进典型激励广大科技工作者创新竞进天津市人民政
复课通知呼和浩特内蒙古自治区学生复课时间公布记者从自治区教育厅官方微信了解到经自治区新冠肺炎疫情防控工作指挥部同意月日自治区教育厅发出通知就全区初三高三年级开学复课后其他学段开学复课时间做出安排月日起初高中一二年级和中等职业学校经盟市疫情防控工作指
美国首例死亡病例被证实提前三周均为社区传播无旅行史月日美国发现早在月初已出现至少两例新冠肺炎死亡病例比月日确认的首例约早三周两患者分别于月日日在家中病逝尸检后两人的样本被送至美国疾病控制与预防中心当日加州当局收到消息确认两人均呈新冠病
美国首例死亡病例被证实提前三周均为社区传播无旅行史月日美国发现早在月初已出现至少两例新冠肺炎死亡病例比月日确认的首例约早三周两患者分别于月日日在家中病逝尸检后两人的样本被送至美国疾病控制与预防中心当日加州当局收到消息确认两人均呈新冠病
研究表明印度疫情或将在月爆发据外媒日报道印度的一项最新研究报告显示印度可能会在月中旬到达疫情峰值届时印度的新冠确诊病例将会超过人据悉该研究总共分析了近天内印度的八个邦和其他三个国家重点城市的疫情数据该报告指出要想彻底消灭病毒印度必须实行更加严厉
动新闻聚焦新冠肺炎福建战疫福建全省高三初三学生已陆续复课至今全省校园无疫情记录今天月日下午福建省政府新闻办举行新冠肺炎疫情联防联控工作第二十场新闻发布会发布会上福建省教育厅二级巡视员叶灵介绍说全省所高中校万名高三年级学生月日首批先行开学
国际疫情东京鸣钟致敬医护部分医护遭歧视东京银座地标建筑上的钟塔周一起每晚七点会敲响钟声向奋斗在抗疫第一线的医护人员致谢夜幕降临钟声回荡在行人寥寥的银座街头提醒人们不忘医护人员的辛劳坚守外出禁令共度难关具有特殊意义的钟声被命名为生命钟声日本新冠疫情形
国际疫情动态东京奥组委发现首例新冠病毒感染者东京奥组委日宣布奥组委一名男性员工被确诊感染新冠病毒奥组委在一份声明中说这名员工多岁是在日晚上检测呈阳性的他此前一直在奥组委位于东京晴海的总部上班声明说这名员工正在居家休息但没有透露他的病情和其他信息
欧洲新冠动态瑞士制药巨擘罗氏老板可能到年底之前都没有新冠疫苗削弱了人们对新冠疫苗的期望考虑到要克服的挑战他个人认为-个月能研发出来就很了不起了全球疫情开发疫苗通常需要数年时间不幸的是最有可能发生的情况是年底之前都没有疫苗
疫情财经观察专家视点全球执行副总裁供应链并未大规模转移撤离中国全球执行副总裁纪秉盟认为随着新冠肺炎疫情蔓延企业会因此加速数字化转型并调整供应链布局但据他观察外资并未将供应链大规模转移撤离中国此外随着疫情蔓延导致供应链中断给企业带来极大压力近日宣布
在宁夏抗疫的美国洋中医中国人都夸他针灸技术好来自美国的约翰·卡里是宁夏小有名气的洋中医新冠肺炎疫情暴发后约翰没有回美国而是选择留在宁夏医科大学附属回医中医医院继续坐诊针灸技术也获得了好评不少患者慕名前来就诊他还通过网络和患者展开交流疫情期间与中国携
土耳其名医护人员感染新冠肺炎月已有名医护死亡当地时间月日土耳其医药协会公布报告称目前土耳其已经有名医护人员确诊感染新冠肺炎月份以来土耳其有名医护人员感染新冠病毒死亡其中人为医生该协会呼吁政府能够采取措施保护医务工作者报告称土耳其医药协
巴萨超话体育迷失恋天巴萨根据的消息西甲球员对于新冠病毒大爆发期间恢复训练和比赛存在分歧大多数球员都希望在健康和安全方面得到进一步保障本周二西甲与西乙各家俱乐部以及球员工会进行了视频会议不过据悉巴萨的梅西以及皇马的拉莫斯都没有参加球员们表达了自己的担心
瑞·达里欧新冠疫情对全球经济意味着什么节选美元美股我觉得你可以把新冠病毒和保持社交距离看作是一场袭来的海啸然后将疫情的恶果当作海啸过后留下的废墟一样去审视把这些废墟想成是各类收入和资产负债表制作行为不代表智堡认同视频中人物表达的观点
外媒巴西总统强推解封或遭抵制外媒称在解除卫生部长职务天后巴西总统博索纳罗当地时间周一表示他希望本周在全国范围内结束隔离措施或遭到许多州的抵制在博索纳罗撤换卫生部长曼代塔后多位州长和市长表示他们正在考虑采取更严格的隔离措施以遏制新冠病毒传播目前巴西
人与自然是生命共同体作文提纲年新冠肺炎疫情的蔓延再次提醒我们人与自然是生命共同体人因自然而生人与自然是一种共生关系对自然的伤害最终会伤及人类自身在这个生命世界中人与自然是一个生命有机整体人类生存于自然界之中自然也存在于人类之中
失业救济金快速消耗美国多州政府资金美国媒体号报道自月底以来受申领失业救济金人数激增影响将近半数的美国州政府信托基金余额呈现两位数百分比的缩水当地时间号美国国会参议院通过一项总额为亿美元的资金援助计划以应对新冠肺炎疫情冲击央视网的微博视频
博物馆关上了门又打开了窗因为新冠肺炎疫情闭馆多天之后故宫博物院的大门再次对游客敞开了只是隔着屏幕月日至月日一场名为安静的故宫春日的美好的网络直播活动被称为故宫年来的直播首秀疫情期间国内文博单位大都采取了闭馆措施疫情凸显了线上平台的重要性
美国主持人科莫新冠病毒自去年月就在美国出现了特朗普等还到处甩锅简直就是不要脸美国病毒纽约肺炎特朗普病毒美国新冠病毒感染病例超过万纽约皇后区殡仪馆画面曝光方方日记美国出版方方日记快乐微博维克多的微博视频
内蒙古中考延期至月日至日周刊君与你共同战疫据了解经内蒙古新冠肺炎防控工作指挥部同意年内蒙古中考延期举行中考报名时间为月日至日考试时间为月日至日具体时间由各盟市根据本地实际情况确定此前内蒙古高三初三年级已于月日正式开学复课月日内
内蒙古中考延期至月日至日周刊君与你共同战疫据了解经内蒙古新冠肺炎防控工作指挥部同意年内蒙古中考延期举行中考报名时间为月日至日考试时间为月日至日具体时间由各盟市根据本地实际情况确定此前内蒙古高三初三年级已于月日正式开学复课月日内
整个上野街道都关门了就剩这家店开门而且一大帮日本老大爷聚众喝酒日本大爷一向是不怕新冠肺炎的有一句歌词叫死了都要爱日本大爷死了都要喝🙏🙏🙏日本疫情海外抗疫日记全球疫情云游全世界云游日本日本·东京恰恰在日本的微博视频
农业部长应对新冠肺炎特别会议声明将避免采取任何可能导致国际市场粮食价格过度波动的不合理限制措施财联社月日讯二十国集团农业部长应对新冠肺炎特别会议声明称将避免采取任何可能导致国际市场粮食价格过度波动的不合理限制措施以免威胁世界很大一部分人口特别是处于低粮食安全水平
梳起长发穿上医护装瑞典王妃加入抗疫前线月日外媒报道称瑞典索菲亚王妃加入抗击新冠病毒一线工作她暂时放下皇室工作在一家医院做医疗助理主要负责消毒设备清洁和在厨房帮忙在加入瑞典皇室前她曾从事模特工作年她与菲利普王子成婚婚后二人育有两个孩子
国家卫健委我国新冠肺炎治愈率以上国家卫健委医政医管局透露我国新冠肺炎治愈率以上新冠病毒是新病毒目前对新冠病毒认知还是未知大于已知还需要不断加深认识为对患者全程管理促进患者全面恢复健康近日出台了出院患者复诊复检的工作方案人民日报的微博视频
陕西省学校突发公共卫生事件年第号预警随着新冠肺炎疫情防控形势的逐渐好转学校相继复课手足口病等传染性事件已进入多发时段为进一步加强全省学校疾病防控工作减少学校突发公共卫生事件根据陕西省卫健委会突发公共卫生事件风险评估通报当前全省各级各类学校应特别关注新冠肺炎
意大利殡葬从业者给每一位新冠逝者尊严意大利殡葬从业者表示疫情是很多人失去了所爱的人亲人无法送别逝者是令人悲伤的他们尽力为每一位逝者保留尊严有的家属想见家人最后一面殡葬业者就会把车开到他们楼下给他们一个简短的时间告别四川观察新闻眼的微博视频
希腊难民安置酒店暴发疫情人确诊小镇被紧急封锁月日希腊伯罗奔尼撒半岛一小镇上的难民安置酒店内有人确诊新冠肺炎感染者包括名难民和名酒店工作人员他们都是无症状感染者当地小镇已开始实行宵禁和更严格的封锁措施这是希腊境内第处出现疫情的难民和移民设施
外交部中方愿同其他常任理事国就举行安理会五常峰会保持沟通在月日外交部例行记者会上发言人耿爽就塔斯社记者关于联合国安理会五常峰会的问题回答称当前新冠肺炎疫情在全球扩散蔓延中方对有利于推动国际团结推动合作抗疫的倡议都持积极态度关于举行安理会五常峰会包括视频峰
崔天凯中方向美方提供超亿个口罩每个美国人差不多能有个月日中国驻美大使崔天凯参加彭博创新经济论坛研讨会主要就抗击新冠肺炎疫情中美关系等进行讨论崔天凯表示中方向美方提供超过亿个口罩每个美国人差不多能有个崔天凯提到当前舆论中的一个奇怪现象当中方
柏林新冠肺炎疫情实锤了柏林的家长听到哭晕在厕所柏林市长近日在结束媒体采访时表示柏林的幼儿园将会在年月日正式开门无条件接受孩子重新入学从月日起只为在体制和系统内工作的父母提供临时育儿看护具体涉及到的工种有警察消防公共交通从业者电力养老院和福利院工作
美国个州宣布重启经济美国三个州宣布放宽防疫措施重启经济美国地区处于封锁状态美国南卡罗莱纳州佐治亚州和田纳西州相继宣布将重启经济放松新冠病毒疫情的控制措施据英国每日邮报日报道佐治亚州州长称一些企业最早将于日复工而田纳西州政府称企业可以在下周复工报道
沙特王室至少人确诊新冠心狠手辣的王储竟然趁此机会开始大清洗绑架公主逮捕王子报复美国富商为了顺利继承王位一场腥风血雨的宫斗又开始了
美媒国因检测能力少算死亡数逾万例纽约时报月日报道疫情期英法等国受限检测能力和仅统计临床数据官方新冠死亡病例少算逾万例纽约时报根据这些国家死亡数和同期比较得出这一数据视频来源纽约时报美媒国因检测能力少算死亡数逾万例澎湃视频的微博视频
云艺考带火视频录制服务考生顺应变化积极备考受新冠肺炎疫情影响各大艺术类院线纷纷调整年艺考方案表演播音主持等部分专业的初试方式调整为考生录制视频线上提交学校进行远程‘云筛选’这让不少艺考培训机构看到了考生们录制视频的新需求不少艺考生在谈及前来录制视
新冠疫苗最快年底可以紧急应用国家疾控中心主任卫健委高级别专家组成员高福周一表示根据疫情走势在应急情况下可能会于年底给一部分人群如医务人员先行使用新冠疫苗对于疫苗研发的时间表高福称如果按照正常的流程走可能要到今天年底至明年年初才能使用天下之事深圳小天超话
五四精神传薪火激扬青春展风采青年兴则国家兴青年强则国家强校团委举办的创作征文活动内容以弘扬五四精神厚植爱国情怀为主参赛者们可结合自身生活实际新冠肺炎疫情防控斗争中表现突出的青年与自身深切感悟创作出符合征文主题与时代发展同步弘扬正能量生动鲜活的作品特
美国首例死亡病例时间提前了据洛杉矶时报月日报道日美国加利福尼亚州的法医透露根据尸检报告显示目前发现的全美最早一个新冠肺炎死亡病例于月日就出现了此前美国疾控中心确认的首例死亡病例出现时间为月日提前了近一个月同时因为早期检测不到位有很多的死
用精神食粮守护精神家园长江读书节在汉启动新冠肺炎防控日上午第五届长江读书节以一种特殊的形式在湖北省图书馆正式启动之所以特殊是因为本届长江读书节首次采用了线上相互在线直播等方式向百万读者讲书荐书送书在疫情防控阶段长江读书节用精神食粮守护着人们的
春季健康大作战肺心肾脑肠等大器官受损揭秘新冠病毒如何导致患者死亡
越来越好了意大利呼吸机数量超过重症患者人数意大利新冠病毒应急委员会宣布日意大利现有重症监护病例例现有呼吸机台呼吸机数量超过重症患者人数完全能满足救治病人的需要但绝不能放松警惕央视网的微博视频
截至日深圳累计名师生感染新冠病毒重点岗位人员一律核酸检测研究称美新冠早期死亡被低估全球奇闻微爆光的微博视频
美国医生怕带病毒回家住后院树屋想离孩子近些杰森·巴恩斯是美国得克萨斯州南部一个急诊科医生最近正在诊治新冠肺炎患者想到可能会把病毒带回家巴恩斯夫妇有些害怕为了避免传染给孩子们妻子詹娜原本建议巴恩斯去住酒店但他不想离家人们太远于是征用了后院里
捷豹路虎裁员一半解雇万员工还采取了减薪措施日前据外媒报道受新冠疫情影响捷豹路虎将暂时解雇万名员工占其全球员工总数捷豹路虎在全球拥有约万名员工主要在英国的哈雷伍德盖顿惠特利等地进行工作当下包括英国在内的海外众多国家地区疫情还没有得到有效控制捷豹
俄预计月前迎疫情高峰媒体怀疑病毒已入侵军队俄罗斯日新增新冠肺炎确诊病例例当局表示预计五月之前将迎来疫情高峰土耳其总统埃尔多安认为当地疫情已经平稳预计月可以恢复正常生活俄罗斯日新增确诊病例例其中无症状感染者达累计病例数增至例当局指感
新加坡新冠肺炎确诊病例破万新加坡卫生部日表示截至当日中午新加坡新增例新冠肺炎确诊病例累计确诊达例最近新加坡确诊病例激增主要是由于住在宿舍的外籍工人集中暴发疫情网页链接
传播时间比想象的要早检测证实美国月初已现新冠死亡病例北加州圣克拉拉县公共卫生官员当地时间日说根据尸检结果该县月日报告的一例死亡病例在死亡时已被新型冠状病毒感染旧金山纪事报报道称圣克拉拉县官员在一份声明中说验尸官对两名分别于月日和月日死亡的死者进行了尸
传播时间比想象的要早检测证实美国月初已现新冠死亡病例北加州圣克拉拉县公共卫生官员当地时间日说根据尸检结果该县月日报告的一例死亡病例在死亡时已被新型冠状病毒感染旧金山纪事报报道称圣克拉拉县官员在一份声明中说验尸官对两名分别于月日和月日死亡的死者进行了尸
美国疫情全球疫情是否复工争论在继续数百名抗议者周二聚集在北卡罗来纳州和密苏里州的州首府抗议居家令这是针对全州限制遏制新冠病毒传播的一系列示威活动中的最新一次［点评实际上北卡很多行业一直有在上班］
报告高使用率高有效率的中西医结合方案是中国抗疫临床治疗的一大特色月日发布的抗击新冠肺炎疫情的中国实践报告中提到在疫情期间全国和湖北全省新冠肺炎确诊病例中中医药使用率和总有效率都超过临床疗效观察显示中医药能有效缓解症状减少轻型普通型向重型发展提高治
世卫组织运送新冠病毒样本车辆在缅甸若开邦遇袭司机身亡联合国予以强烈谴责联合国秘书长古特雷斯月日通过发言人发表声明强烈谴责月日在缅甸超话若开邦发生的袭击世界卫生组织运输冠状病毒监测样本车辆的事件在这次事件中驾驶带有世卫组织明显标志车辆的司机遇袭身
美国新冠病毒感染病例超过万美国个州民众上街反对隔离令在生命和工作间做选择美国疫情海外抗疫日记全球新冠肺炎感染人数近万例关注新冠肺炎国际军情武汉加油爱橄榄绿的微博视频
没人比他更懂数学特朗普美国新冠肺炎死亡率低于其他国家当地时间月日特朗普在白宫简报会上表示美国新冠肺炎死亡率约是其他国家的一半是世界上死亡率最低的国家之一但据美国约翰斯·霍普金斯大学数据截至美东时间日:北京时间日:美国新冠肺炎确诊病例增至
名在印中国公民尚无人确诊驻印度大使在印中国公民约人尚无人确诊新冠肺炎北京时间月日时印度德里时间点分中国驻印度大使孙卫东邀请张文宏教授为华侨留学生答疑解惑截至今天日印度累计确诊人数已经接近万人孙卫东大使介绍驻印度使领馆采取了一系列措施
外交部回应加拿大防疫物资飞机空机返回相关报道不准确据外媒报道加拿大总理特鲁多日表示加拿大两架运送医疗物资飞机空机返回引发外界关注中国外交部发言人耿爽在日的例行记者会上回应此事时表示外媒相关报道不准确耿爽表示新冠肺炎疫情发生以来中加双方相互支持相互
联合国大会上美国试图反对新冠疫苗共享计划但为时已晚据外媒日报道联合国大会近日通过了一项由墨西哥负责牵头的决议该决议要求未来各国都应享有公平有效且及时地获取并使用新冠疫苗的权利据消息人士称美国实际上对这项决议一直持反对态度但是由于美国迟
分享一则值得新传考研人关注的传媒业新闻今天发布了一则消息年第一季度的订阅用户数量出现了大幅增长第一季度的全球流播放服务付费用户的总人数达到了亿人与去年同期的亿人相比增长较上一季度增长了万人在致股东的信中谈到了新冠
红城信息播报院士答疑注射疫苗就能不被感染吗新冠病毒是否变异变异了咋办中国工程院院士王军志介绍目前暂未发现产生病毒变异影响疫苗的情况一旦发生该情况将重启新的技术路线给疫苗换零件小央视频小央视频的秒拍视频
李克强主持召开中央应对新冠肺炎疫情工作领导小组会议部署调整完善重点地区防控举措着力提升检测能力尽力扩大检测范围在常态化防控条件下推动经济社会秩序加快恢复王沪宁出席李克强主持召开中央应对新冠肺炎疫情工作领导小组会议部署调整完善重点地区防控举措着力提升检测能力尽力扩大检测范围在常态化防控条件下推动经济社会秩序加快恢复
世卫刚和中国打完互赞局怎么就被美国拉黑举报了也说世卫组织打开了抗疫联盟第一局匹配队友中国韩国新加坡伊朗开局分钟中国兄弟们这把我有点崩世卫老哥帮我打信息大家别怕这把能翻开局分钟韩国我被对面的邪教压制了兄弟们支援下中国稳住
军营里那一抹绿超话分秒唱尽多少梦想多少憧憬人民陆军这场全民性的战疫行动全军多名医护人员闻令出征悄悄撤离全国余名医务工作者齐聚江城全力抗疫说不尽的真情写不完的感动一首歌能唱尽多少梦想多少憧憬年新冠肺炎疫情爆发以来人民子弟兵闻令而动
郑允浩超话💛️东方神起韩国政府网页链接向新冠病毒而辛苦工作的医护人员致以感谢和尊敬的感恩挑战和歌手宝儿一起下一位接力挑战者是东方神起瑜卤允浩的托医护人员的福感恩运动💛️翻译💛️长期无偿
崔天凯中国提供给美国亿个口罩每个美国人差不多能有个月日中国驻美大使崔天凯参加彭博创新经济论坛研讨会主要就抗击新冠肺炎疫情中美关系等进行讨论崔天凯表示中方向美方提供超过亿个口罩每个美国人差不多能有个崔天凯提到当前舆论中的一个奇怪现象当中方最初向美
世卫组织辟谣新冠病毒起源自实验室已有证据表明--病毒源自动物世卫组织发言人法德拉·沙伊卜日表示所有已知证据都表明新冠病毒源自动物而不是经实验室人工干预或制造而来的
疫情期间啥幺蛾子事都有有个发源于国外的谣言就非常搞笑说新冠病毒的传播是由基站造成的我们中国人听了肯定觉得好笑但国外确实很多人相信甚至在月初的时候英国一周内好多基站都被烧了由于纵火者搞不清基站的规格烧的大部分都是基站为什么会有这样的谣言呢这是因为有人做
新增例新冠确诊病例德国累计确诊超万例关注新冠肺炎据德国罗伯特·科赫研究所日发布的数据显示德国新增例新冠确诊病例累计达例新增例死亡病例累计达例日起德国各州陆续开始解封此前实施的社交和商业禁令为在解封后避免疫情反弹此前曾不
马戏团的云表演受新冠肺炎疫情影响人们无法到剧院欣赏马戏一些马戏团选择在线上表演竟受到网友好评不断让我们也一起云欣赏一下吧香港衛視的微博视频
美加州补报新冠肺炎死亡病例美国本土首例死亡时间前移三周月日美国发现早在月初已出现至少两例新冠肺炎死亡病例比月日确认的首例约早三周两患者分别于月日日在家中病逝尸检后两人的样本被送至美国疾病控制与预防中心当日加州当局收到消息确认两人均呈
黑龙江新增例本土无症状感染者轨迹葛某女岁自由职业常住址黑龙江省哈尔滨市方正县方正林业局星火林场组系确诊病例二葛某的女儿月日诊断为新冠肺炎无症状感染者月日时陪同父亲从方正林业局乘私家车出发时到哈医大一院就诊时在喜家德水饺医大二院店用
日本长崎港一外籍邮轮人确诊船上无载客月日据报道停靠在日本长崎港的外籍邮轮歌诗达大西洋号上又有名船员确诊感染新冠病毒共人确诊他们将在邮轮上接受隔离治疗意大利籍邮轮歌诗达大西洋号于月下旬起停靠在长崎港进行修缮船上没有搭载乘客包括一名日本翻译
纽约华裔神经内科教授确诊讲述自己感染新冠病毒经过纽约的神经内科临床医生符传孝教授执业多年月底他成为新型冠状病毒的确诊患者所幸的是目前他身体状况逐渐恢复近日符医生在接受采访时讲述了自己感染上新冠病毒的经过他表示将来作为康复病患他想希望通过献血来帮助更多
庆应大学所发表的消息也是震撼和欧美研究遥相呼应以新冠肺炎之外的治疗目的就医者也查出阳性无症状人人非常值得注意的是检测方式是如果是抗体更不是不知道会怎么样也是坏事也是好事坏事实际感染人数远超想象好处达成客观群体免疫的速度也可能远超想象
美国热炒的病毒起源有了明确答案长安街知事注意到有关新冠病毒来自武汉病毒研究所的阴谋论曾在今年月被美国一些边缘媒体宣扬尽管遭到主流媒体和科学家驳斥但美方并没有放弃炒作此事从月中旬开始部分美国政客和媒体唱起了双簧全面展开抹黑行动美国热炒的病毒起源有了明确答案
名在印中国公民尚无人确诊驻印度大使在印中国公民约人尚无人确诊新冠肺炎北京时间月日时印度德里时间点分中国驻印度大使孙卫东邀请张文宏教授为华侨留学生答疑解惑截至今天日印度累计确诊人数已经接近万人孙卫东大使介绍驻印度使领馆采取了一系列措施
拜腾中国区员工暂缓发放部分薪酬拜腾核心管理层减薪据悉拜腾汽车部分员工今年月的工资至今未发放对此拜腾表示在新冠病毒疫情对经济和行业的持续影响下业务运营正承受巨大挑战此外拜腾核心管理层将集体减薪并出资参与拜腾轮融资拜腾中国区员工暂缓发放部分薪酬核心管理层减薪
巴西马瑙斯市挖掘大型坟墓埋葬尸体巴西新冠肺炎疫情蔓延亚马孙州一城挖掘大型坟墓埋葬尸体据美国有线电视新闻网月日报道巴西亚马孙州首府马瑙斯市内工作人员正在挖掘大型坟墓以便之后将一些棺材埋入其中报道称马瑙斯市市长阿瑟·维尔吉利奥·内托的办公室称受
关注新冠肺炎生死一线纽约急诊室名医护抢救男子月日美国纽约州一医院急诊室主任向美联社记者表示仅在其当值时就宣布人死亡自己从医多年从未见过如此景象目前该院已有超名职工感染新冠肺炎美国全球疫情参悟局的微博视频
关注新冠肺炎生死一线纽约急诊室名医护抢救男子月日美国纽约州一医院急诊室主任向美联社记者表示仅在其当值时就宣布人死亡自己从医多年从未见过如此景象目前该院已有超名职工感染新冠肺炎美国全球疫情参悟局的微博视频
新加坡新冠肺炎确诊病例破万新加坡卫生部日表示截至当日中午新加坡新增例新冠肺炎确诊病例累计确诊达例最近新加坡确诊病例激增主要是由于住在宿舍的外籍工人集中暴发疫情网页链接
桃花源记现实版意大利夫妇驾船环游世界靠岸时才发现疫情改变世界据月日报道意大利一对夫妇近日在海上航行天后想靠岸登陆时被告知岛屿关闭才发现世界正在因新冠疫情而改变报道称年和决定辞掉工作买一艘船去环游世界在海上航行天后
艺术品线下拍卖受疫情影响延期或改变形式线上拍卖成未来趋势新冠疫情对全球产业带来不同程度的冲击对于艺术品收藏行业越来越多的线下拍卖被取消在线拍卖已经成为买家越来越熟悉的一种方式邦瀚斯拍卖行的亚洲艺术专家王小怡表示目前邦瀚斯拍卖行在受到疫情影响较为严重的英国和美国办公
护士白宫前念出位去世同事姓名抗议防护装备缺乏新冠肺炎疫情在美国持续蔓延的同时一线工作者的防护装备却始终不到位当地时间月日一群护士手拿名因抗击新冠肺炎离世的医护人员肖像站在白宫门口大声念出他们的名字以此要求政府为他们提供足够的防护装备不少护士称因为缺乏
月日为了在动员国际社会共同努力抗击新冠病毒疫情的背景下继续与中方沟通俄罗斯联邦外交部副部长谢尔盖·维尔什宁与中华人民共和国外交部副部长马朝旭进行了电话会谈双方讨论了为应对这一国际挑战在联合国安理会开展协作的实际问题并对安理会五个常任理事国即将就此问题进行沟通的某些方面
东京奥组委出现首例新冠病毒感染者东京奥组委一职员新冠病毒检测呈阳性系该机构内首次出现确诊感染者据日本共同社月日最新消息年东京奥运会和残奥会组织委员会日发布消息称位于东京都中央区晴海的奥组委办公室内一名职员感染了新冠病毒报道称这是奥组委内首次出现确诊感染
新冠病毒到底怎么来的这个问题应该是绕不过去了按照中方的说法这个问题要交给科学家由他们进行研究最后做出判断这个说法很危险科学研究是对客观现实的探究和总结是真实的科学无国界就是在这个意义上说的可是科学家可能会蒙人科学家犯起坏来更危险因为外人根本搞不清楚他
希腊难民安置酒店暴发疫情人确诊小镇被紧急封锁月日希腊伯罗奔尼撒半岛一小镇上的难民安置酒店内有人确诊新冠肺炎感染者包括名难民和名酒店工作人员他们都是无症状感染者当地小镇已开始实行宵禁和更严格的封锁措施这是希腊境内第处出现疫情的难民和移民设施
江启臣称两岸对话重要马英九强调九二共识马英九江启臣日晚就新冠之后的台湾未来与国民党青年交流江启臣担忧近期两岸的紧张局势称两岸对话最重要希望可以对话沟通缓和对立避免擦枪走火马英九紧接着评价你讲的都对但双方根本不通怎么改变重要的是你怎
麦肯锡洞见新冠肺炎肆虐之际所有企业的首要任务显然是保护员工消费者和商业伙伴的健康及安全某些奢侈品企业已经积极做出调整以便应对紧迫的公共卫生需求从生产围巾和香水转产口罩和洗手液许多奢侈品集团也纷纷向医院和其他非营利组织捐款与此同时由于奢侈品行业关系到数百万人的生计
墨西哥总统回应贩毒集团给穷人送物资没用你们不如不犯罪新冠疫情暴发后不少民众生活陷入困顿贩毒团队开始向民众分发食物等物资墨西哥总统表示我看到他们在分发食物不过这个毫无帮助我们正在全力对抗新冠肺炎但是不幸的是我们还要分出精力来对付谋杀案新京报我们视频
国际航班中断韩国国内航班堪比公交受新冠肺炎疫情影响韩国廉价航空的国际航线几乎全部中断各大公司纷纷增加国内航班数量以求生存甚至打起激烈的价格战举例来说首尔到济州岛的单程票价仅约人民币元堪称白菜价济州航空还向国内航线的所有旅客赠送手部消毒产品详戳↓
奥运圣火展览紧急叫停美国奥委会首席执行官莎拉·赫希兰德日向下属数十个单项协会致信表示美国奥委会高管将集体降薪以应对新冠疫情的影响同时警告疫情若明年仍旧无法遏制推迟之后的东京奥运会仍有可能被直接取消全文请戳网页链接
大屏木影视行业有序复工复产你最期待哪些作品进入月随着国内新冠肺炎疫情得到有效控制影视行业的复工复产也稳步推开剧组相继复拍制播保障有序推进此前滞留的部分在拍剧组大江大河有翡等均在完成系统的防控筹备工作后有序复拍处于筹备后制发行等阶段的作品
美国专家警告称特朗普推荐的新冠药物或导致中毒美国国立卫生研究院警告新型冠状病毒肺炎患者不要联合使用美国总统唐纳德•特朗普推荐的羟氯喹和阿奇霉素因为这两种药物联合使用可能存在毒性即有引发中毒等严重副作用的风险周二一项针对美国退伍军人健康管理局下属医院中使用羟氯喹的
瑞典王妃加入抗疫前线在医院做医疗助理月日外媒报道称瑞典索菲亚王妃加入抗击新冠病毒一线工作她暂时放下皇室工作在一家医院做医疗助理主要负责消毒设备清洁和在厨房帮忙在加入瑞典皇室前她曾从事模特工作年她与菲利普王子成婚婚后二人育有两个孩子世面
世卫发言人现有证据表明新冠病毒起源自动物世界卫生组织发言人日表示当前媒体和社交平台上流传着一些有关新冠病毒起源的谬论和阴谋论世卫组织认为就现有证据来看这一病毒起源自动物而非实验室人为制造详情请戳👉网页链接
美国时间月日纽约时报网站发布了贾樟柯等五位国际导演以疫情为背景创作的短片这是希腊塞萨洛尼基电影节以空间为主题以席卷全球的新冠疫情为背景聚焦隔离生活的短片拍摄计划该计划邀请来自全球多位导演同题创作每部片长分钟左右必须全部在室内空间完成
出院患者应采用中医药等康复手段避免肺纤维化发生发展国务院联防联控机制月日在北京召开新闻发布会介绍新冠肺炎出院患者管理服务情况北京大学第一医院感染疾病科主任王贵强在回答媒体提问时表示新冠肺炎重症和危重症的病例有可能会出现肺纤维化肺纤维化的预防和处理非常重要新冠肺
西昌泸山景区暂停开放正开展安全隐患排查处置工作关注新冠肺炎西昌市邛海泸山风景名胜区管理局月日发布通告称目前泸山游览区正开展安全隐患排查处置工作为确保游客人身安全根据西昌市关于从严从实加强森林草原防火工作的公告的要求泸山景区自本通告发布之日起全面暂停对
超话更新「의료진여러분덕분에대한민국은코로나위기를함께극복해나가고있습니다」의료진덕분에덕분에챌린지덕분에캠페인다음은동방신기유노윤호님존경의마음을전해주세요「感谢所有的医护人员与韩国一起共克新冠危机」感谢医护人
战疫情景剧丨谣言诈骗切勿轻信新冠肺炎疫情仍在继续不少车主因隔离等原因没有按时验车不法分子抓住机会以未按时验车将遭遇损失等借口为由进行谣言诈骗这段来自天津的战疫情景剧告诉您疫情期间未按时办理验车的可以延期办理如有疑问请咨询当地交管部门切勿听信谣言上
加州补报新冠病例美国本土首例新冠肺炎死亡时间前移三周美国加州圣克拉拉县政府公共卫生部门当地时间月日通报在当地名新增早期新冠肺炎死亡病例中一人的死亡时间为今年月日该数据表明美国的首例新冠肺炎死亡发生时间至少比此前认为的早了三周之前美国疾控中心公布的美国本土
仔细想想也挺搞笑的当时骂我们中国封城不人道的是美国现在又觉得我们新冠人数造假的也是他们所以他们从没有感觉封城和人数是有联系的吗前两年玩寒霜朋克觉得都世界末日了还人权抗议有点扯现在发现居然是真的
一停靠长崎邮轮名船员确诊月日日本共同社报道停靠在长崎的一艘邮轮新增人被确诊涉事的歌诗达大西洋号正停在当地造船厂维修船上共有名船员没有乘客首名确诊船员日开始发热日确诊后在邮轮上的房间中隔离聚焦新冠肺炎疫情世面世面的秒拍视频
欧洲新冠肺炎病例进展截至巴黎时间月日时欧洲地区累计报告新冠状病毒感染病例例相比日时新增例其中俄罗斯新增例西班牙新增例此外美国累计确诊例近距离看欧洲全球疫情注本着尽最大可能统计所有新冠状病毒感染确诊病例数的原则自
贾樟柯疫情短片贾樟柯导演以疫情为背景创作的短片来访今日上线这是希腊塞萨洛尼基电影节以空间为主题以新冠疫情为背景聚焦隔离生活的短片拍摄计划该计划邀请来自全球多位导演同题创作每部片长分钟左右必须全部在室内空间完成贾樟柯这组短片目的是展示生命的胜利它
最新全球感染人数已超万例截至月日时个国家和地区累计确诊例累计死亡例转发关注新冠肺炎疫情全球走势↓↓
全球疫情美国疫情华邮发布一段视频列举了至少次特朗普出尔反尔画面月日华盛顿邮报发布一段名为特朗普否认自己曾说的话的视频盘点了特朗普在疫情期间至少次否认自己曾发表过的言论记者你说新冠月会消失特朗普我没说过记者你两周前说新冠像流感特朗普我没
土耳其一天大新冠肺炎婴儿患者治愈出院当地时间月日在土耳其西北部的布尔萨省一名天大的新冠肺炎婴儿患者治愈出院当地时间月日这名婴儿在出生天后新冠病毒检测结果呈阳性婴儿的父母也是新冠肺炎感染者这名婴儿在布尔萨市立医院接受了天治疗后病毒检测结果呈阴性据该
秒看特朗普次出尔反尔我没说过美国媒体总结疫情期间特朗普多次出尔反尔推翻自己的言论最短仅有一天他曾说新冠肺炎像流感说病毒月会消失说不需要-万台呼吸机在被记者质问时他通常的回答是我没说过时差视频的微博视频
达利欧新冠疫情标志着一个令人兴奋的未来的开始在周二的一次现场采访中桥水基金创始人达里奥强调新冠病毒给人类造成的灾难性后果迄今已在全球范围内感染了多万人并产生了广泛的经济影响不过他接着提出了一个乐观的观点达利欧称新冠疫情标志新的开始称疫情造成的金融后
感谢一路有你陪我走过最黑暗的时刻黎明终究到来了新冠病毒患者住院天的独白赛茜的微博视频
伊朗驻华大使我们对美国没啥要求能让我们自己管自己就好新冠疫情席卷全球美国在伊朗陷入抗疫艰困时加大了对伊朗的制裁和压迫其中包括阻止向伊朗提供抗疫贷款伊朗驻华大使穆罕默德•克沙瓦尔兹扎德在凤凰网外交官访谈录栏目中表示各国都有权使用基金应对疫情筹备人道物
张文宏解析抗疫热点全民筛查没必要不可能一个病例都没有上海市新冠肺炎临床救治专家组组长复旦大学附属华山医院感染科主任张文宏在回应疫情防控常态化期间的热点问题说因具有一定程度的传染性无症状感染者是公众当前关注的重要的问题有观点认为应该开展全民的核酸筛查地毯式搜
首部武汉新冠肺炎患者创作的手绘抗疫日记出版转发送书多次参与央视新闻共同战疫不间断直播的方舱手绘小姐姐黎婧出新书啦武汉日记方舱手绘小姐姐的抗疫画集即日由中国国际广播出版社正式出版这本首部由武汉新冠肺炎患者创作的手绘抗疫日记用漫画记录了抗疫历史中的这
实锤剑桥大学发表论文新冠病毒起源于美国全球评点的微博视频
耿爽评美方攻击指责世卫行为望美国感知下各方意愿别站在国际社会对立面日国集团和中国声明支持世卫组织赞赏世卫组织在抗击新冠疫情中发挥的领导作用但美方频频指责世卫组织工作不力并暂停向世卫组织捐资对此外交部发言人耿爽表示美国认为世卫组织应听其指挥这是典型的霸权
钟南山院士香港专访祖国反黑站超话方方美国新冠病毒感染病例超过万钟南山说我们挺过来了阿中哥哥反黑站的微博视频
首部武汉新冠肺炎患者创作的手绘抗疫日记出版转发送书多次参与央视新闻共同战疫不间断直播的方舱手绘小姐姐黎婧出新书啦武汉日记方舱手绘小姐姐的抗疫画集即日由中国国际广播出版社正式出版这本首部由武汉新冠肺炎患者创作的手绘抗疫日记用漫画记录了抗疫历史中的这
实锤剑桥大学发表论文新冠病毒起源于美国全球评点的微博视频
耿爽评美方攻击指责世卫行为望美国感知下各方意愿别站在国际社会对立面日国集团和中国声明支持世卫组织赞赏世卫组织在抗击新冠疫情中发挥的领导作用但美方频频指责世卫组织工作不力并暂停向世卫组织捐资对此外交部发言人耿爽表示美国认为世卫组织应听其指挥这是典型的霸权
钟南山院士香港专访祖国反黑站超话方方美国新冠病毒感染病例超过万钟南山说我们挺过来了阿中哥哥反黑站的微博视频
当地时间月日晚非洲疾控中心发布统计报告称截至非洲东部时间月日时个非洲国家共报告新冠肺炎确诊病例例其中死亡例致死率月日至月日一周时间内整个非洲大陆确诊病例数量增加了
法国岁男童感染接触人无一人感染专家这样解释法国一名岁男孩感染新冠病毒后与其接触的人中无一感染这个男孩同时还感染了另两种呼吸道病毒他的两个兄弟姐妹都感染了后者却均未感染新冠病毒详情→法国岁男童感染接触人无一人感染专家这样解释
日本的江之岛海岸最近成了人员聚集的地方以至于环卫工都来不及收垃圾周围市民都提心吊胆怕感染新冠肺炎面对不肯宣布强制封城的日本还有不能安分守己在家自肃的日本市民有市民请愿水族馆要求放出鲨鱼到海里也不是不行
全球抗疫第一线美国西班牙意大利累计确诊超万例一图了解新冠肺炎世界疫情形势
已死人这个兴旺国度的官员称下月可完成群体免疫据彭博社月日报道瑞典首席盛行病学家示意该国在抗击新冠病毒疫情方面采取的不同寻常的做法正在末尾发生成果是瑞典对新冠病毒采取相对宽松应答措施的设计者他告诉外地媒体最新感化率和死亡数字标明情况末
个人日常办公仍要做好健康防护这些小妙招学起来来源人民网当前境外疫情呈增长态势境外输入和本地反弹风险不容低估北京市疾控中心副主任庞星火在近日召开的北京市新冠肺炎疫情防控工作第七十五次新闻发布会上提醒大家不要放松防控那么个人日常办公时如何做好健康防护庞星火给出了
战疫|天津为他们颁发特别奖钟南山张伯礼等在列新冠肺炎疫情发生以来天津市广大科技工作者勇担责任尽锐出战加大科研攻关和成果转化力度一批重大科技产品纳入国家诊疗方案为抗疫工作作出了突出贡献为弘扬科学精神树立先进典型激励广大科技工作者创新竞进天津市人民政
复课通知呼和浩特内蒙古自治区学生复课时间公布记者从自治区教育厅官方微信了解到经自治区新冠肺炎疫情防控工作指挥部同意月日自治区教育厅发出通知就全区初三高三年级开学复课后其他学段开学复课时间做出安排月日起初高中一二年级和中等职业学校经盟市疫情防控工作指
研究表明印度疫情或将在月爆发据外媒日报道印度的一项最新研究报告显示印度可能会在月中旬到达疫情峰值届时印度的新冠确诊病例将会超过人据悉该研究总共分析了近天内印度的八个邦和其他三个国家重点城市的疫情数据该报告指出要想彻底消灭病毒印度必须实行更加严厉
动新闻聚焦新冠肺炎福建战疫福建全省高三初三学生已陆续复课至今全省校园无疫情记录今天月日下午福建省政府新闻办举行新冠肺炎疫情联防联控工作第二十场新闻发布会发布会上福建省教育厅二级巡视员叶灵介绍说全省所高中校万名高三年级学生月日首批先行开学
国际疫情东京鸣钟致敬医护部分医护遭歧视东京银座地标建筑上的钟塔周一起每晚七点会敲响钟声向奋斗在抗疫第一线的医护人员致谢夜幕降临钟声回荡在行人寥寥的银座街头提醒人们不忘医护人员的辛劳坚守外出禁令共度难关具有特殊意义的钟声被命名为生命钟声日本新冠疫情形
校友们捐助的只三奇口罩送给小镇的老人老人要进行消毒处理以后再拿进公寓老年朋友分发老人刚才告诉我他夫人昨天被确诊感染了新冠肺炎现在在隔离中她身体不好之前一直住在
新冠肺炎战疫张文宏回应不能喝粥不接受批评粥咸菜无法产生抗体此前张文宏的一句早餐不能喝粥引起热议对于这件事张文宏回应了不能喝粥这个问题他表示针对病毒的抗体产生要靠蛋白质他认为重症转轻症最主要的一点要保证身体有足够营养和蛋白质广东台触电新闻的微博视频
捷豹路虎解雇万名员工疫情重压捷豹路虎全球裁员一半万人下岗失业捷豹路虎裁员一半据外媒报道受新冠疫情影响捷豹路虎将暂时解雇万名员工占其全球员工总数据悉除了裁员之外捷豹路虎还采取了减薪措施其管理团队还将在未来的个月开始减薪疫情重压捷豹路虎全球裁员一半万人下岗失业
欧洲新冠动态瑞士制药巨擘罗氏老板可能到年底之前都没有新冠疫苗削弱了人们对新冠疫苗的期望考虑到要克服的挑战他个人认为-个月能研发出来就很了不起了全球疫情开发疫苗通常需要数年时间不幸的是最有可能发生的情况是年底之前都没有疫苗
发现频道关于新冠病毒的纪录片都上线了:我来看看老外视角下的武汉跟方方笔下的武汉日记有哪些异同
肯德基州抗议后新冠新增立马增多
日本疫情日本一邮轮再现聚集感染已致人确诊月日据报道停靠在日本长崎港一外籍邮轮歌诗达大西洋号上又有名船员确诊感染新冠病毒共人确诊感染他们将在邮轮上接受隔离治疗关注新冠肺炎参悟局的微博视频
周口市教体局提醒所有教职员工和学生禁止做这件事还有五一假期记者月日从周口市教体局权威人士处获悉根据周口市新冠肺炎防控指挥部号文件规定对学校和师生实行精细化管理教职员工和走读学生在疫情防控期间不准外出旅游不准外出会餐就餐周口市教体局提醒所有教职员工和学生禁止做这件事还有五一假期
美国男子称不怕病毒要自由后感染新冠去世美国男子发帖不怕病毒要自由个月后因新冠去世月日美国俄亥俄州男子约翰发文称有人有勇气站出来说新冠病毒是一场政治阴谋吗有人能证明我说错了吗两天后他又发帖称如果你怕得病那就不要出门月日在发帖一个月后约翰因新
不能上一线就做幕后英雄上海女医生两个月义诊答疑余万字新冠肺炎疫情之下线上问诊需求暴增成为疫情防控的第二战场上海医生周雪在丈夫驰援武汉一线后加入线上义诊仅两个月就帮助了多个病人答疑近万条转发致敬央视网快看的微博视频
师生健康中国健康事关学校疫情防控钟南山李兰娟张文宏三位专家这样讲月日教育部举行学校疫情防控专家报告视频会邀请钟南山李兰娟张文宏三位专家分别就国际国内新冠肺炎疫情形势研判及如何做好学校新冠肺炎疫情防控工作做主题报告共抗疫情爱国力行
洋次郎臭新冠害得我们的吉他手的脸都这么圆了
最新疫情通报月日广州市新冠肺炎疫情情况月日时至时广州市无新增新冠肺炎确诊病例新增出院病例例截至月日时累计报告境外输入确诊病例例境外输入关联病例例累计出院例尚在院治疗例重型例截至月日时累计报告境内确诊病例例
华邮发布一段视频列举了至少次特朗普出尔反尔画面月日华盛顿邮报发布一段名为特朗普否认自己曾说的话的视频盘点了特朗普在疫情期间至少次否认自己曾发表过的言论美媒发视频列举特朗普出尔反尔画面记者你说新冠月会消失特朗普我没说过记者你两周前说新冠像流感
全球疫情美国疫情特朗普宣布美国暂停发放绿卡天当地时间日美国总统特朗普在白宫发布会上宣布为保护美国人的就业将暂停发放绿卡为期天之后将根据经济形势决定是否延期特朗普表示该举措不影响短期的工作签证相关行政令正在起草可能于日签署美国
黎巴嫩新增新冠肺炎确诊病例例累计例据黎巴嫩卫生部官网消息截至日中午黎新冠肺炎确诊病例总计例较昨日增加例过去小时内有名患者被治愈治愈总计例死亡病例增加例达例确诊患者中危重病人例疑似病例数字目前为人另外有人处于隔离状态央视
瞰见云课堂教育在行动全球学者连线新冠疫情对经济的影响主持美国耶鲁大学管理学院副院长教授主讲美国耶鲁大学管理学院教授德国欧洲管理技术学院院长美国耶鲁大学管理学院教授复旦大学管理学院产业经济系副教授姚志勇
音乐之声早安双声道本周策划推出特别板块用音乐的方式传递正能量陪伴在你身边在抗击新冠肺炎疫情期间很多歌手们不约而同用云唱歌这种特别的方式与歌迷相见由中央广播电视总台文艺节目中心出品的公益歌曲爱的桥梁集结了刘德华刘涛
美疾控中心主任美国今冬或出现更严重新冠肺炎疫情美国疾控中心主任罗伯特·雷德菲尔德日表示美国入冬可能遭遇第二波更严重的疫情由于流感季与新冠肺炎疫情重叠可能给医疗系统造成无法想象的压力雷德菲尔德认为各级政府应该利用这几个月做好充分的准备包括提高检测和监测能力
新增例新冠确诊病例德国累计确诊超万例关注新冠肺炎据德国罗伯特·科赫研究所日发布的数据显示德国新增例新冠确诊病例累计达例新增例死亡病例累计达例日起德国各州陆续开始解封此前实施的社交和商业禁令为在解封后避免疫情反弹此前曾不
钟南山李兰娟张文宏都说该开学了月日教育部召开学校疫情防控专家报告视频会钟南山李兰娟张文宏就如何做好开学后学校新冠肺炎疫情防控工作等进行了专题报告我赞成现在要复课钟南山表示我们也必须在严防严控的情况下开始复学央视新闻许巍音乐朋友超话许巍音乐朋友
惨工作人员因疫情跑路加拿大一疗养院名老人被饿死名老人被发现饿死在加拿大蒙特利尔的一家疗养院中其中至少有人被证实感染了新冠病毒惨工作人员因疫情跑路加拿大一疗养院名老人被饿死
世卫组织辟谣新冠病毒起源自实验室已有证据表明病毒源自动物世卫组织发言人法德拉·沙伊卜日表示世界卫生组织目前正与两种大流行斗争分别是新冠疫情大流行和虚假信息大流行世卫称抗疫同时也在抗击虚假消息大流行针对近期在媒体和社交平台上流传的一些有关新冠病毒起源的谬
美加州补报新冠肺炎死亡病例美国本土首例死亡时间前移三周月日美国发现早在月初已出现至少两例新冠肺炎死亡病例比月日确认的首例约早三周两患者分别于月日日在家中病逝尸检后两人的样本被送至美国疾病控制与预防中心当日加州当局收到消息确认两人均呈
外媒津巴布韦暴发疟疾疫情卫生系统雪上加霜非洲国家津巴布韦暴发了新一轮的疟疾疫情已有至少人因此丧生这对于竭力应对新冠疫情的津巴布韦来说无疑是雪上加霜据英国卫报报道津巴布韦卫生部表示全国有处传染病暴发点该报得到的一份报告显示津巴布韦全国现有疟疾确诊病查看图片
凤凰全球疫情日报截至北京时间月日时分美东时间月日时分全球新冠肺炎确诊病例累计超万例海外确诊总数超万特朗普宣布美国在未来天暂停移民特朗普点名哈佛大学退还绎困贷款他们不应该拿这钱月日世卫组织员工在缅甸运送新冠病毒检测样本时被枪杀联合国
上海文艺家与白杨子女隔空纪念白杨百年诞辰月日是著名电影表演艺术家白杨百年诞辰日当天上午由上海电影家协会上影演员剧团上海滨海古园组织了部分艺术家和亲朋好友在白杨的墓地举行了朴实而壮严的祭拜追思活动由于新冠肺炎疫情阻隔白杨的儿子蒋晓松在日本女儿蒋晓真在美国他们
严防疫情反弹高校陆续开学这些防控准备要做好返校途中如何正确防护开学后上课用餐又该注意啥周末还能出校改善伙食吗国家卫健委教育部日前联合印发大专院校新冠肺炎疫情防控技术方案马上开学的你快收下这份防控宝典↓防控新型冠状病毒肺炎新华视点图片来源健康中国
这个计划约定片长分钟左右必须在室内拍摄
欧洲新冠动态瑞士制药巨擘罗氏老板可能到年底之前都没有新冠疫苗削弱了人们对新冠疫苗的期望考虑到要克服的挑战他个人认为-个月能研发出来就很了不起了全球疫情开发疫苗通常需要数年时间不幸的是最有可能发生的情况是年底之前都没有疫苗
微预警陕西省学校突发公共卫生事件年第号预警随着新冠肺炎疫情防控形势的逐渐好转学校相继复课手足口病等传染性事件已进入多发时段为进一步加强全省学校疾病防控工作减少学校突发公共卫生事件根据健康陕西突发公共卫生事件风险评估通报当前全省各级各类学校应特别关注新冠
纪念列宁同志诞辰周年今天是列宁诞辰周年与此同时在新冠疫情当下就有俄国媒体制作创意短片让列宁呼吁大家待在家里全球疫情海外抗疫日记石头的微博视频
美国疫情美国抗疫前线纪录片该片记录了美国从爆发之前到上周的反隔离抗疫以及特朗普在美国疫情期间一直淡化疫情的严重性美国各州长积极自救美国本土第一例新冠病例的治疗美国本土自产试剂盒的研发曲折过程御炎果了的微博视频
塞内加尔新增例新冠肺炎确诊病例累计确诊例当地时间日塞内加尔卫生部发布最新通告称在份检测样本中新发现例确诊病例其中例为之前跟踪的密切接触者例为社区传播感染者此外又有名患者已经康复截至目前塞内加尔已有累计新冠肺炎确诊病例例其中例已被治愈
严防疫情反弹高校陆续开学这些防控准备要做好返校途中如何正确防护开学后上课用餐又该注意啥周末还能出校改善伙食吗国家卫健委教育部日前联合印发大专院校新冠肺炎疫情防控技术方案马上开学的你快收下这份防控宝典↓防控新型冠状病毒肺炎新华视点图片来源健康中国
这个计划约定片长分钟左右必须在室内拍摄
欧洲新冠动态瑞士制药巨擘罗氏老板可能到年底之前都没有新冠疫苗削弱了人们对新冠疫苗的期望考虑到要克服的挑战他个人认为-个月能研发出来就很了不起了全球疫情开发疫苗通常需要数年时间不幸的是最有可能发生的情况是年底之前都没有疫苗
微预警陕西省学校突发公共卫生事件年第号预警随着新冠肺炎疫情防控形势的逐渐好转学校相继复课手足口病等传染性事件已进入多发时段为进一步加强全省学校疾病防控工作减少学校突发公共卫生事件根据健康陕西突发公共卫生事件风险评估通报当前全省各级各类学校应特别关注新冠
沙拉盘中那个绿色麻花状的是什么
纪念列宁同志诞辰周年今天是列宁诞辰周年与此同时在新冠疫情当下就有俄国媒体制作创意短片让列宁呼吁大家待在家里全球疫情海外抗疫日记石头的微博视频
李克强主持召开中央应对新冠肺炎疫情工作领导小组会议中央应对新冠肺炎疫情工作领导小组要加强和完善边境口岸疫情防控工作分不同情形制定应对预案加大对边境城市疫情防控人员和影像学检查医疗救治等硬件设备及其他防疫物资统筹调配和支持力度完善边境口岸区域联防联控机制协调有关省份
美国疫情美国抗疫前线纪录片该片记录了美国从爆发之前到上周的反隔离抗疫以及特朗普在美国疫情期间一直淡化疫情的严重性美国各州长积极自救美国本土第一例新冠病例的治疗美国本土自产试剂盒的研发曲折过程御炎果了的微博视频
斤小伙疫情期间闭关减重斤你呢体重曾达到斤的长春后小伙彭佳在新冠肺炎疫情期间一直在闭关修炼目前已成功减重斤此外他还通过直播鼓励胖友们一起健康减脂他说下一步计划在年底减到斤以内把心中最美好的自己带回家灵魂一问疫情期间你宅
点对点服务企业这场对接会力促家企业现场融资签约亿元新冠肺炎防控今天月日上午武汉市武昌区举行金融支持经济社会发展政企银对接会活动现场武昌区政府与家重点金融机构签订金融网格化服务协议双方在金融网格化服务实体经济发展达成重要合作现场共有家企业与金
比利时新冠肺炎确诊病例累计例据比利时官方当地时间月日上午公告在过去小时内比利时境内新增新冠肺炎确诊病例例新增死亡病例例截至目前该国累计确诊病例例累计死亡例比利时现有新冠病毒感染住院病人人其中重症监护病人为人小时减少人
外媒巴西总统强推解封或遭抵制外媒称在解除卫生部长职务天后巴西总统博索纳罗当地时间周一表示他希望本周在全国范围内结束隔离措施或遭到许多州的抵制在博索纳罗撤换卫生部长曼代塔后多位州长和市长表示他们正在考虑采取更严格的隔离措施以遏制新冠病毒传播目前巴西
人手严重不足英国版张病床火神山医院只收名患者据英国卫报月日报道英国伦敦南丁格尔医院因护士太少拒绝接收数十名新冠患者报道称截至月日这家医院累计只治疗了名患者尽管医院被设计为可容纳近张病床但目前只有人住院治疗该医院已累计拒收了大约名
高雅艺术进社区禁闭中的罗马郊区民众喜迎艺术家上门法新社月日通过视频展示了意大利艺术工作者在疫情期间深入首都罗马的郊区地区为居家隔离的当地居民进行艺术表演的故事对于当地民众来说艺术工作者的到来为枯燥乏味的隔离生活带来了一缕希望而对艺术工作者来说这样的表演形式
好人榜逆向前行云开月明宿州市立医院作为安徽省首批新冠肺炎救治定点医院设立三个救治点全力阻击陈芹作为应急领导小组护理救治组总负责人负责二院三院两个救治点新建病区区域布局流程设置病房设置筹建等工作为了让救治点能够及时有效投入使用她加班加点积极协调医院各部门
俄罗斯符拉迪沃斯托克一医院发生医护人员新冠肺炎大规模感染当地时间日据俄滨海边疆区行政长官科热缅科发布的消息位于符拉迪沃斯托克的第二医院发生了医护人员大规模感染新冠肺炎事件过去小时内该医院共确诊了名新冠肺炎病例其中人为该医院的医护人员而第二医院为当地新冠肺
东京奥组委出现首例新冠病毒感染者东京奥组委一职员新冠病毒检测呈阳性系该机构内首次出现确诊感染者据日本共同社月日最新消息年东京奥运会和残奥会组织委员会日发布消息称位于东京都中央区晴海的奥组委办公室内一名职员感染了新冠病毒报道称这是奥组委内首次出现确诊感染
台海军舰队疫情扩大人确诊台湾流行疫情指挥中心日宣布台海军敦睦舰队已有人确诊新冠肺炎由于确诊官兵足迹遍布岛内县市引发岛内民众恐慌及舆论广泛批评据台媒日报道台湾当局召开记者会对敦睦舰队染疫事件进行道歉总台记者孙雨彤
护士白宫前念出位去世同事姓名抗议防护装备缺乏新冠肺炎疫情在美国持续蔓延的同时一线工作者的防护装备却始终不到位当地时间月日一群护士手拿名因抗击新冠肺炎离世的医护人员肖像站在白宫门口大声念出他们的名字以此要求政府为他们提供足够的防护装备不少护士称因为缺乏
失业救济金快速消耗美国多州政府资金美国媒体号报道自月底以来受申领失业救济金人数激增影响将近半数的美国州政府信托基金余额呈现两位数百分比的缩水当地时间号美国国会参议院通过一项总额为亿美元的资金援助计划以应对新冠肺炎疫情冲击央视网的微博视频
两位因新冠肺炎脸色发黑的医生怎样了两位感染新冠病毒的武汉大夫易凡和胡卫峰经过两个多月的治疗终于被救回却脸色发黑引发各界关注两位医生状态如何什么时候可以出院他们体内受损的状况如何会不会有后遗症近日他们的主治医生武汉同济医院重症医学科主任李树生做客新闻
中国先验不可回避日本矛盾坏了新冠后的展望谁也绕不开中国日本正在近距离分析中国这次的疫情表现日刊工业新闻昨天认为不参考中国的动态发展讨论就不是在正确的频道中国经济因新冠最早暂停了所有活动但却率先越过最糟时期有序恢复是现在的总基调日刊认为这背后无疑要归
解药|争议不止诺华开展羟氯喹抗新冠疗效验证随机双盲对照试验纳入名患者多项研究认为药物使用为时尚早对疗效和副作用都提出警解药|争议不止诺华开展羟氯喹抗新冠疗效验证来自财新客户端
小汇微分享谢谢每一份爱的回馈致敬疫情中用行动传递的暖意她是留学生隔离结束后选择到隔离点做志愿者把温暖传递下去他是新冠疫苗志愿者他说自己只是个普通人有太多人为我们拼过命现在该轮到我了这是疫情中让人泪目的暖心回馈↓谢谢你们所有感受过温暖并将
感谢一路有你陪我走过最黑暗的时刻黎明终究到来了新冠病毒患者住院天的独白赛茜的微博视频
教育部考试中心取消月托福雅思等海外考试教育部考试中心近日发布通知称为继续配合做好新冠肺炎疫情防控工作决定对月份海外考试做如下调整取消年月所有托福考试雅思考试考试考试考试费将全额退还至考生个人报名账户都市现场的微博视频
中国将首次为无失业保险农民工提供补助中国已承诺向数百万因新冠疫情失去收入之前未纳入社会保障体系的农民工提供福利支持中国国务院周二宣布未参加失业保险的农民工将首次能够申请低保并宣布将保障范围扩大至其他未被政府保险计划覆盖的人群中国国务院表示将鼓励政府支持的重大项
疫情期间的谣言牛尿鸽子是解药蒸汽鼓掌可杀毒疫情期间谣言满天飞喝牛尿抗病毒已经不新鲜有人在电视上教学如何呼唤上帝来救你还有人相信是病毒源头鼓掌分钟能对抗新冠病毒小央视频小央视频的秒拍视频
拜腾中国区员工暂缓发放部分薪酬拜腾核心管理层减薪据了解拜腾汽车部分员工今年月的工资至今未发放对此拜腾表示在新冠病毒疫情对经济和行业的持续影响下业务运营正承受巨大挑战此外拜腾核心管理层将集体减薪并出资参与拜腾轮融资拜腾中国区员工暂缓发放部分薪酬核心管理层减薪
中国将首次为无失业保险农民工提供补助中国已承诺向数百万因新冠疫情失去收入之前未纳入社会保障体系的农民工提供福利支持中国国务院周二宣布未参加失业保险的农民工将首次能够申请低保并宣布将保障范围扩大至其他未被政府保险计划覆盖的人群中国国务院表示将鼓励政府支持的重大项
疫情期间的谣言牛尿鸽子是解药蒸汽鼓掌可杀毒疫情期间谣言满天飞喝牛尿抗病毒已经不新鲜有人在电视上教学如何呼唤上帝来救你还有人相信是病毒源头鼓掌分钟能对抗新冠病毒小央视频小央视频的秒拍视频
拜腾中国区员工暂缓发放部分薪酬拜腾核心管理层减薪据了解拜腾汽车部分员工今年月的工资至今未发放对此拜腾表示在新冠病毒疫情对经济和行业的持续影响下业务运营正承受巨大挑战此外拜腾核心管理层将集体减薪并出资参与拜腾轮融资拜腾中国区员工暂缓发放部分薪酬核心管理层减薪
最新瓦加瓦加市撤销关于终止与昆明市友城关系的决定月日记者获悉新南威尔士州瓦加瓦加市议会通过决议决定撤销此前终止瓦加瓦加市与中国云南省昆明市友好城市关系的错误决定中国驻悉尼总领馆对此表示欢迎和赞赏自年昆明市与瓦加瓦加市建立友城关系以来两地各领域交流合作
崔娃每日秀又出新片特朗普花式甩锅集锦节目组通过一分多钟的总统‘光辉’时刻集锦告诉全世界疫情爆发以来特朗普是怎么怪天怪地就是不怪自己的期间中国奥巴马政府州长世卫组织甚至全世界都没逃过他甩过来的锅关注新冠肺炎我看抗疫囧头条的微博视频
美国密苏里州星期二对国提起诉讼指责京掩盖了新冠毒流行病的严重性在美国和世界范围内造成了无法弥补的经济和人员损害共和国检察官埃里克·施密特提起的民事诉讼是针对以及亚洲国家的其他官员和机构法国
土耳其名医护人员感染新冠肺炎月已有名医护死亡当地时间月日土耳其医药协会公布报告称目前土耳其已经有名医护人员确诊感染新冠肺炎月份以来土耳其有名医护人员感染新冠病毒死亡其中人为医生该协会呼吁政府能够采取措施保护医务工作者报告称土耳其医药协
又开始诈捐了美国说捐万美元巴勒斯坦我们一分钱也没收到新冠疫情暴发以来美国曾多次高调宣称将向其他国家提供经济援助然而对于一些接受援助的国家而言美国给的钱收得可一点都不舒服当地时间日巴勒斯坦驻法国大使萨尔曼·哈尔菲就表示美国在向巴提供援助一事上撒了谎
中央应对新冠肺炎疫情工作领导小组加快提升检测技术李克强主持召开中央应对新冠肺炎疫情工作领导小组会议部署调整完善重点地区防控举措着力提升检测能力尽力扩大检测范围在常态化防控条件下推动经济社会秩序加快恢复会议指出要加快提升检测技术抓紧增加更简便更高效准确的检测设
瑞典王妃加入抗疫前线在医院做医疗助理月日外媒报道称瑞典索菲亚王妃加入抗击新冠病毒一线工作她暂时放下皇室工作在一家医院做医疗助理主要负责消毒设备清洁和在厨房帮忙在加入瑞典皇室前她曾从事模特工作年她与菲利普王子成婚婚后二人育有两个孩子世面
庆应大学所发表的消息也是震撼和欧美研究遥相呼应以新冠肺炎之外的治疗目的就医者也查出阳性无症状人人非常值得注意的是检测方式是如果是抗体更不是不知道会怎么样也是坏事也是好事坏事实际感染人数远超想象好处达成客观群体免疫的速度也可能远超想象
研究称美新冠早期死亡被低估美国🇺🇸国内多地出现示威游行群众声称要回自由🆓居然天杀缺心眼子的福克斯新闻居然有专家认为每年死在泳池的人高达万可是都没有封闭国家我只想说脑子🧠长在了下面⬇️吗美国新冠病毒感染病例超过万雅思来吃英语能能老师
法国哲学家é-不要掉入卫生正确的陷阱他对新冠毒流行病的管理提出质疑健康是一个至高无上的价值吗是否应该把我们的生活和社会也交给医生来管理跟新冠毒相比我更害怕老年痴呆症因为得了新冠毒还有的存活机会不要因为一种疾病就把我们无期限地关在家里
东京奥组委发现首例新冠病毒感染者周刊君与你共同战疫东京奥组委日宣布奥组委一名男性员工被确诊感染新冠病毒奥组委在一份声明中说这名员工多岁是在日晚上检测呈阳性的他此前一直在奥组委位于东京晴海的总部上班声明说这名员工正在居家休息但没有透露他的病情和其他信息
英国垃圾围城官方疫情致非法倾倒猖獗最高或面临年监禁据英国一款打击非法倾倒垃圾的显示随着大多数垃圾回收中心因新冠疫情而关闭全英非法倾倒垃圾的行为增幅超在包括伦敦在内的一些地区甚至上涨以上地方政府表示正在研究如何重新开放垃圾回收站在此之前必须坚持把
张文宏称开展全民筛查核酸不可行假设新冠核酸检测很可靠实际上并非如此真新冠病人只会有个漏诊-----即有病被看做没病没新冠的病人只有个误诊-----即没病被看做有病新冠感染高峰期个人里有个万人参与检验已知人有感染故÷×=人被漏诊人被
世界卫生组织确认新冠病毒起源世界卫生组织发言人日表示当前媒体和社交平台上流传着一些有关新冠病毒起源的谬论和阴谋论世卫组织认为就现有证据来看这一病毒起源自动物而非实验室人为制造目前来看蝙蝠最有可能是这类病毒在自然界中的贮主至于新冠病毒如何从蝙蝠传给人类目前还不得
牛市并没有被新冠疫情打断安信证券陈果流动性风险改善把握中国权益资产牛市陈果表示今年的市场应该说是复杂多变的我们面临的新冠疫情堪称百年难遇的国际公共卫生危机而且已产生了很强的蝴蝶效应在这样的背景下大家对于股市场的看法其实分歧是非常大的站在这个时点我们属于乐
深交所发布关于对深圳华大基因股份有限公司的关注函你公司近期披露了你公司生产的新冠病毒核酸检测试剂盒在欧盟美国日本澳大利亚等多个国家或地区取得相关资质证明或获得销售许可的公告同时我部关注到你公司近期股价涨幅较大请说明你公司前述资质证明或销售许可的有效期限以及到期后
全球航空业将面临新一轮洗牌员工人数上万又一家航空公司告急维珍老板愿抵押私人小岛救公司受新冠肺炎疫情影响维珍集团旗下的澳大利亚第二大航空公司维珍澳大利亚航空濒临破产约万名公司员工及供应链工人将受到影响据英国每日邮报报道当地时间周二月日上午维珍澳
